INSERT INTO simple VALUES (1,'Igor Cooley','Lorem ipsum dolor'),
(2,'Trevor Pennington','Lorem ipsum dolor sit amet, consectetuer adipiscing elit. Curabitur sed'),
(3,'Acton Waller','Lorem ipsum dolor sit amet, consectetuer'),
(4,'Hamilton Prince','Lorem ipsum dolor sit amet, consectetuer adipiscing elit. Curabitur'),
(5,'Griffith Jefferson','Lorem ipsum dolor sit amet, consectetuer adipiscing elit. Curabitur'),
(6,'Phillip Leach','Lorem ipsum dolor sit amet, consectetuer adipiscing'),
(7,'David Rodriquez','Lorem ipsum dolor sit'),
(8,'Hedley Burke','Lorem ipsum dolor sit amet,'),
(9,'Ali Mcknight','Lorem ipsum dolor'),
(10,'Erasmus Gonzales','Lorem ipsum dolor sit amet, consectetuer adipiscing elit. Curabitur sed'),
(11,'Mufutau Sharpe','Lorem ipsum dolor sit amet,'),
(12,'Roth Mccray','Lorem'),
(13,'Alden Hahn','Lorem ipsum'),
(14,'Dillon Matthews','Lorem ipsum dolor'),
(15,'Ulric Booker','Lorem ipsum dolor sit amet, consectetuer adipiscing elit. Curabitur'),
(16,'Ira Bolton','Lorem ipsum'),
(17,'Kamal Hammond','Lorem ipsum dolor sit'),
(18,'Judah Daniel','Lorem ipsum'),
(19,'Dolan Delaney','Lorem ipsum dolor sit'),
(20,'Thomas Cote','Lorem'),
(21,'Eagan Bradshaw','Lorem ipsum dolor sit amet, consectetuer adipiscing elit. Curabitur sed'),
(22,'Demetrius Davis','Lorem ipsum'),
(23,'Ira Orr','Lorem ipsum dolor sit amet, consectetuer adipiscing elit.'),
(24,'Octavius Maldonado','Lorem ipsum dolor'),
(25,'Gareth Farley','Lorem'),
(26,'Kieran Slater','Lorem'),
(27,'Hunter Guthrie','Lorem ipsum dolor sit amet,'),
(28,'Chancellor Prince','Lorem ipsum dolor sit amet, consectetuer adipiscing elit.'),
(29,'Lance Holt','Lorem ipsum dolor sit'),
(30,'Gage Gordon','Lorem ipsum dolor sit'),
(31,'Philip Holman','Lorem ipsum dolor sit amet, consectetuer'),
(32,'Thor Emerson','Lorem ipsum dolor sit amet, consectetuer'),
(33,'Drew Santos','Lorem'),
(34,'Thor Velasquez','Lorem ipsum dolor sit amet,'),
(35,'Simon Ballard','Lorem ipsum'),
(36,'Brett Poole','Lorem ipsum dolor'),
(37,'Sebastian Patterson','Lorem ipsum dolor sit'),
(38,'Kermit Jimenez','Lorem ipsum dolor sit'),
(39,'Philip Moore','Lorem ipsum dolor sit amet, consectetuer adipiscing'),
(40,'Ahmed Martinez','Lorem ipsum dolor sit amet,'),
(41,'Myles Dalton','Lorem ipsum dolor sit amet, consectetuer'),
(42,'Oren Gilliam','Lorem ipsum dolor sit'),
(43,'Emmanuel Mcintyre','Lorem ipsum dolor sit amet, consectetuer adipiscing'),
(44,'Raja Nelson','Lorem ipsum dolor sit amet, consectetuer adipiscing'),
(45,'Murphy Burnett','Lorem'),
(46,'Jarrod Levine','Lorem ipsum dolor sit amet,'),
(47,'Leo Castillo','Lorem ipsum'),
(48,'Abbot Fleming','Lorem ipsum'),
(49,'Maxwell Kramer','Lorem ipsum dolor'),
(50,'Dylan Dotson','Lorem ipsum dolor sit amet, consectetuer adipiscing elit.'),
(51,'Gray Hurst','Lorem'),
(52,'Bruno Hebert','Lorem ipsum dolor sit amet, consectetuer adipiscing elit. Curabitur'),
(53,'Dorian Hardy','Lorem ipsum dolor sit'),
(54,'Dylan Ingram','Lorem ipsum dolor sit amet, consectetuer'),
(55,'Orson Bright','Lorem ipsum dolor sit amet, consectetuer adipiscing elit.'),
(56,'Chase Langley','Lorem ipsum dolor sit amet, consectetuer adipiscing'),
(57,'Zeus Schmidt','Lorem ipsum'),
(58,'Grady Short','Lorem ipsum dolor'),
(59,'Addison White','Lorem'),
(60,'Matthew Mathis','Lorem ipsum dolor sit amet, consectetuer adipiscing'),
(61,'Lev Garrison','Lorem ipsum dolor sit'),
(62,'Guy Cox','Lorem ipsum dolor sit amet, consectetuer adipiscing elit. Curabitur'),
(63,'Elmo Delgado','Lorem ipsum dolor'),
(64,'Yardley Kent','Lorem ipsum'),
(65,'Hamilton Pickett','Lorem ipsum dolor sit amet, consectetuer'),
(66,'Herrod Fuentes','Lorem ipsum dolor sit amet, consectetuer adipiscing elit. Curabitur'),
(67,'Fletcher Stout','Lorem ipsum dolor sit amet, consectetuer'),
(68,'Dalton Cummings','Lorem ipsum dolor sit amet, consectetuer adipiscing'),
(69,'Dane Gray','Lorem ipsum dolor'),
(70,'Dexter Washington','Lorem ipsum dolor sit'),
(71,'Michael Holloway','Lorem'),
(72,'Lucas Summers','Lorem ipsum dolor sit amet, consectetuer adipiscing elit. Curabitur sed'),
(73,'Kyle Russo','Lorem ipsum'),
(74,'Samson Mcmillan','Lorem'),
(75,'Abdul Rosario','Lorem ipsum'),
(76,'Allen Briggs','Lorem ipsum dolor sit'),
(77,'Neville Gross','Lorem ipsum'),
(78,'Harrison Lawrence','Lorem ipsum dolor sit amet, consectetuer adipiscing elit.'),
(79,'Harding Tran','Lorem ipsum'),
(80,'Emery Swanson','Lorem'),
(81,'Clayton Pope','Lorem ipsum dolor sit'),
(82,'Grady Francis','Lorem ipsum dolor sit amet,'),
(83,'Alexander Welch','Lorem ipsum dolor sit amet, consectetuer adipiscing elit. Curabitur'),
(84,'Mohammad Sargent','Lorem ipsum dolor sit amet, consectetuer adipiscing'),
(85,'Dieter Rose','Lorem ipsum dolor sit amet, consectetuer adipiscing elit. Curabitur sed'),
(86,'Herman Alvarez','Lorem ipsum'),
(87,'Wallace Elliott','Lorem ipsum dolor sit amet, consectetuer'),
(88,'Clinton Larsen','Lorem ipsum dolor sit amet,'),
(89,'Ashton Barber','Lorem ipsum dolor sit'),
(90,'Derek Carrillo','Lorem ipsum dolor sit amet, consectetuer'),
(91,'Marsden Petty','Lorem ipsum dolor sit amet,'),
(92,'Edward Stevens','Lorem ipsum dolor'),
(93,'Ignatius Jensen','Lorem ipsum dolor sit amet, consectetuer adipiscing elit.'),
(94,'Dalton Meyers','Lorem');

INSERT INTO simple2 VALUES (1,'Igor Cooley','Lorem ipsum dolor'),
(2,'Trevor Pennington','Lorem ipsum dolor sit amet, consectetuer adipiscing elit. Curabitur sed'),
(3,'Acton Waller','Lorem ipsum dolor sit amet, consectetuer'),
(4,'Hamilton Prince','Lorem ipsum dolor sit amet, consectetuer adipiscing elit. Curabitur'),
(5,'Griffith Jefferson','Lorem ipsum dolor sit amet, consectetuer adipiscing elit. Curabitur'),
(6,'Phillip Leach','Lorem ipsum dolor sit amet, consectetuer adipiscing'),
(7,'David Rodriquez','Lorem ipsum dolor sit'),
(8,'Hedley Burke','Lorem ipsum dolor sit amet,'),
(9,'Ali Mcknight','Lorem ipsum dolor'),
(10,'Erasmus Gonzales','Lorem ipsum dolor sit amet, consectetuer adipiscing elit. Curabitur sed'),
(11,'Mufutau Sharpe','Lorem ipsum dolor sit amet,'),
(12,'Roth Mccray','Lorem'),
(13,'Alden Hahn','Lorem ipsum'),
(14,'Dillon Matthews','Lorem ipsum dolor'),
(15,'Ulric Booker','Lorem ipsum dolor sit amet, consectetuer adipiscing elit. Curabitur'),
(16,'Ira Bolton','Lorem ipsum'),
(17,'Kamal Hammond','Lorem ipsum dolor sit'),
(18,'Judah Daniel','Lorem ipsum'),
(19,'Dolan Delaney','Lorem ipsum dolor sit'),
(20,'Thomas Cote','Lorem'),
(21,'Eagan Bradshaw','Lorem ipsum dolor sit amet, consectetuer adipiscing elit. Curabitur sed'),
(22,'Demetrius Davis','Lorem ipsum'),
(23,'Ira Orr','Lorem ipsum dolor sit amet, consectetuer adipiscing elit.'),
(24,'Octavius Maldonado','Lorem ipsum dolor'),
(25,'Gareth Farley','Lorem'),
(26,'Kieran Slater','Lorem'),
(27,'Hunter Guthrie','Lorem ipsum dolor sit amet,'),
(28,'Chancellor Prince','Lorem ipsum dolor sit amet, consectetuer adipiscing elit.'),
(29,'Lance Holt','Lorem ipsum dolor sit'),
(30,'Gage Gordon','Lorem ipsum dolor sit'),
(31,'Philip Holman','Lorem ipsum dolor sit amet, consectetuer'),
(32,'Thor Emerson','Lorem ipsum dolor sit amet, consectetuer'),
(33,'Drew Santos','Lorem'),
(34,'Thor Velasquez','Lorem ipsum dolor sit amet,'),
(35,'Simon Ballard','Lorem ipsum'),
(36,'Brett Poole','Lorem ipsum dolor'),
(37,'Sebastian Patterson','Lorem ipsum dolor sit'),
(38,'Kermit Jimenez','Lorem ipsum dolor sit'),
(39,'Philip Moore','Lorem ipsum dolor sit amet, consectetuer adipiscing'),
(40,'Ahmed Martinez','Lorem ipsum dolor sit amet,'),
(41,'Myles Dalton','Lorem ipsum dolor sit amet, consectetuer'),
(42,'Oren Gilliam','Lorem ipsum dolor sit'),
(43,'Emmanuel Mcintyre','Lorem ipsum dolor sit amet, consectetuer adipiscing'),
(44,'Raja Nelson','Lorem ipsum dolor sit amet, consectetuer adipiscing'),
(45,'Murphy Burnett','Lorem'),
(46,'Jarrod Levine','Lorem ipsum dolor sit amet,'),
(47,'Leo Castillo','Lorem ipsum'),
(48,'Abbot Fleming','Lorem ipsum'),
(49,'Maxwell Kramer','Lorem ipsum dolor'),
(50,'Dylan Dotson','Lorem ipsum dolor sit amet, consectetuer adipiscing elit.'),
(51,'Gray Hurst','Lorem'),
(52,'Bruno Hebert','Lorem ipsum dolor sit amet, consectetuer adipiscing elit. Curabitur'),
(53,'Dorian Hardy','Lorem ipsum dolor sit'),
(54,'Dylan Ingram','Lorem ipsum dolor sit amet, consectetuer'),
(55,'Orson Bright','Lorem ipsum dolor sit amet, consectetuer adipiscing elit.'),
(56,'Chase Langley','Lorem ipsum dolor sit amet, consectetuer adipiscing'),
(57,'Zeus Schmidt','Lorem ipsum'),
(58,'Grady Short','Lorem ipsum dolor'),
(59,'Addison White','Lorem'),
(60,'Matthew Mathis','Lorem ipsum dolor sit amet, consectetuer adipiscing'),
(61,'Lev Garrison','Lorem ipsum dolor sit'),
(62,'Guy Cox','Lorem ipsum dolor sit amet, consectetuer adipiscing elit. Curabitur'),
(63,'Elmo Delgado','Lorem ipsum dolor'),
(64,'Yardley Kent','Lorem ipsum'),
(65,'Hamilton Pickett','Lorem ipsum dolor sit amet, consectetuer'),
(66,'Herrod Fuentes','Lorem ipsum dolor sit amet, consectetuer adipiscing elit. Curabitur'),
(67,'Fletcher Stout','Lorem ipsum dolor sit amet, consectetuer'),
(68,'Dalton Cummings','Lorem ipsum dolor sit amet, consectetuer adipiscing'),
(69,'Dane Gray','Lorem ipsum dolor'),
(70,'Dexter Washington','Lorem ipsum dolor sit'),
(71,'Michael Holloway','Lorem'),
(72,'Lucas Summers','Lorem ipsum dolor sit amet, consectetuer adipiscing elit. Curabitur sed'),
(73,'Kyle Russo','Lorem ipsum'),
(74,'Samson Mcmillan','Lorem'),
(75,'Abdul Rosario','Lorem ipsum'),
(76,'Allen Briggs','Lorem ipsum dolor sit'),
(77,'Neville Gross','Lorem ipsum'),
(78,'Harrison Lawrence','Lorem ipsum dolor sit amet, consectetuer adipiscing elit.'),
(79,'Harding Tran','Lorem ipsum'),
(80,'Emery Swanson','Lorem'),
(81,'Clayton Pope','Lorem ipsum dolor sit'),
(82,'Grady Francis','Lorem ipsum dolor sit amet,'),
(83,'Alexander Welch','Lorem ipsum dolor sit amet, consectetuer adipiscing elit. Curabitur'),
(84,'Mohammad Sargent','Lorem ipsum dolor sit amet, consectetuer adipiscing'),
(85,'Dieter Rose','Lorem ipsum dolor sit amet, consectetuer adipiscing elit. Curabitur sed'),
(86,'Herman Alvarez','Lorem ipsum'),
(87,'Wallace Elliott','Lorem ipsum dolor sit amet, consectetuer'),
(88,'Clinton Larsen','Lorem ipsum dolor sit amet,'),
(89,'Ashton Barber','Lorem ipsum dolor sit'),
(90,'Derek Carrillo','Lorem ipsum dolor sit amet, consectetuer'),
(91,'Marsden Petty','Lorem ipsum dolor sit amet,'),
(92,'Edward Stevens','Lorem ipsum dolor'),
(93,'Ignatius Jensen','Lorem ipsum dolor sit amet, consectetuer adipiscing elit.'),
(94,'Dalton Meyers','Lorem');

INSERT INTO simple2_detail VALUES ('0000000001',26,'Octavius Long','Lorem ipsum dolor sit amet, consectetuer adipiscing'),
('0000000002',26,'Kadeem Wise','Lorem ipsum dolor sit amet,'),
('0000000003',14,'Judah Barton','Lorem ipsum dolor sit amet, consectetuer adipiscing elit. Curabitur'),
('0000000004',17,'Hector Singleton','Lorem ipsum dolor'),
('0000000005',57,'Joshua Lloyd','Lorem ipsum dolor sit amet, consectetuer adipiscing elit.'),
('0000000006',22,'Jerome Lester','Lorem ipsum dolor sit amet, consectetuer adipiscing elit. Curabitur sed'),
('0000000007',27,'Alvin Blair','Lorem ipsum dolor'),
('0000000008',46,'Colby Horn','Lorem'),
('0000000009',21,'Lev Steele','Lorem'),
('0000000010',10,'Ronan Cote','Lorem ipsum dolor sit amet, consectetuer adipiscing'),
('0000000011',16,'August Nichols','Lorem ipsum dolor sit'),
('0000000012',31,'Clark Short','Lorem ipsum dolor'),
('0000000013',65,'Keane Flores','Lorem ipsum dolor sit amet, consectetuer adipiscing elit.'),
('0000000014',81,'Reuben Norris','Lorem ipsum dolor sit amet,'),
('0000000015',56,'Nissim Alvarez','Lorem ipsum dolor sit amet, consectetuer adipiscing elit. Curabitur'),
('0000000016',78,'Mohammad Hobbs','Lorem ipsum dolor sit amet,'),
('0000000017',89,'Perry Olson','Lorem ipsum'),
('0000000018',23,'Burton Bird','Lorem ipsum dolor sit amet, consectetuer adipiscing elit. Curabitur sed'),
('0000000019',67,'Stuart Giles','Lorem ipsum dolor sit'),
('0000000020',10,'Raja Compton','Lorem ipsum dolor sit amet, consectetuer adipiscing elit. Curabitur sed'),
('0000000021',14,'Justin Stevenson','Lorem ipsum dolor sit amet, consectetuer'),
('0000000022',74,'Brent Mercer','Lorem ipsum'),
('0000000023',48,'Elijah Alexander','Lorem ipsum dolor sit amet, consectetuer'),
('0000000024',54,'Hamilton Castillo','Lorem ipsum dolor sit amet, consectetuer'),
('0000000025',18,'Hedley Bernard','Lorem ipsum dolor sit amet, consectetuer adipiscing elit. Curabitur sed'),
('0000000026',4,'Lester Rosa','Lorem ipsum dolor sit'),
('0000000027',88,'Blake Reyes','Lorem ipsum dolor sit'),
('0000000028',25,'Akeem Schultz','Lorem ipsum dolor sit amet, consectetuer adipiscing elit. Curabitur sed'),
('0000000029',7,'Allistair Cain','Lorem ipsum dolor sit amet,'),
('0000000030',70,'Gil Lindsey','Lorem ipsum'),
('0000000031',78,'Lee Huber','Lorem ipsum dolor sit amet,'),
('0000000032',14,'Salvador Mercer','Lorem ipsum dolor sit amet, consectetuer adipiscing elit. Curabitur'),
('0000000033',55,'Gary Williamson','Lorem ipsum dolor sit amet, consectetuer adipiscing elit.'),
('0000000034',50,'Driscoll Velez','Lorem ipsum dolor sit amet, consectetuer adipiscing elit. Curabitur'),
('0000000035',4,'Conan Donaldson','Lorem ipsum dolor'),
('0000000036',63,'Jordan Steele','Lorem ipsum dolor sit amet, consectetuer adipiscing elit.'),
('0000000037',13,'Jameson Odom','Lorem ipsum'),
('0000000038',11,'Kato Malone','Lorem ipsum dolor'),
('0000000039',22,'Camden Ellis','Lorem ipsum dolor sit amet, consectetuer adipiscing elit. Curabitur sed'),
('0000000040',69,'Kuame Cline','Lorem ipsum dolor sit amet, consectetuer adipiscing elit. Curabitur'),
('0000000041',31,'Josiah Meyer','Lorem ipsum dolor sit amet, consectetuer'),
('0000000042',20,'Mason Gilmore','Lorem ipsum dolor sit amet, consectetuer adipiscing elit. Curabitur sed'),
('0000000043',5,'Jerry Ferguson','Lorem ipsum dolor sit amet,'),
('0000000044',41,'Raymond Mathis','Lorem ipsum dolor sit amet,'),
('0000000045',82,'Damian Quinn','Lorem ipsum dolor'),
('0000000046',8,'Russell Houston','Lorem ipsum dolor sit amet, consectetuer adipiscing'),
('0000000047',58,'Merritt Mayer','Lorem ipsum dolor sit amet, consectetuer adipiscing'),
('0000000048',5,'Quamar Webster','Lorem ipsum dolor sit amet, consectetuer adipiscing elit.'),
('0000000049',87,'Lawrence Foster','Lorem ipsum dolor sit amet,'),
('0000000050',17,'Griffin Rios','Lorem ipsum dolor sit amet,'),
('0000000051',53,'Fulton Ochoa','Lorem'),
('0000000052',88,'Caleb Solomon','Lorem ipsum dolor sit amet, consectetuer'),
('0000000053',38,'Hedley Lynch','Lorem ipsum dolor sit amet, consectetuer adipiscing elit.'),
('0000000054',32,'Derek Murray','Lorem'),
('0000000055',22,'Dennis Hudson','Lorem'),
('0000000056',22,'Magee Huffman','Lorem ipsum dolor sit amet, consectetuer adipiscing elit.'),
('0000000057',62,'Lars Dickerson','Lorem ipsum dolor sit amet, consectetuer adipiscing elit. Curabitur'),
('0000000058',2,'Jordan Rodriguez','Lorem ipsum dolor sit'),
('0000000059',87,'Buckminster Woodward','Lorem ipsum dolor sit amet, consectetuer adipiscing elit.'),
('0000000060',3,'Tiger Mcbride','Lorem ipsum'),
('0000000061',50,'Louis Walter','Lorem ipsum dolor sit amet, consectetuer adipiscing'),
('0000000062',68,'Talon Patton','Lorem'),
('0000000063',22,'Dieter Key','Lorem ipsum dolor sit amet, consectetuer'),
('0000000064',29,'Ignatius Dunlap','Lorem ipsum dolor sit amet, consectetuer adipiscing'),
('0000000065',79,'Demetrius Abbott','Lorem ipsum dolor sit amet, consectetuer adipiscing elit. Curabitur sed'),
('0000000066',6,'Sebastian Bond','Lorem ipsum dolor sit amet, consectetuer'),
('0000000067',10,'Rahim Porter','Lorem ipsum dolor sit amet, consectetuer adipiscing elit. Curabitur sed'),
('0000000068',44,'Arsenio Armstrong','Lorem ipsum dolor sit amet, consectetuer adipiscing elit.'),
('0000000069',32,'Warren Carpenter','Lorem ipsum dolor sit amet, consectetuer adipiscing elit. Curabitur'),
('0000000070',37,'Eagan Haney','Lorem ipsum dolor sit amet,'),
('0000000071',88,'John Boyle','Lorem ipsum dolor sit amet, consectetuer adipiscing'),
('0000000072',41,'Leo Dennis','Lorem ipsum dolor sit amet, consectetuer adipiscing'),
('0000000073',71,'Caesar Hicks','Lorem ipsum dolor sit amet, consectetuer adipiscing'),
('0000000074',12,'Guy Day','Lorem ipsum dolor sit amet, consectetuer adipiscing elit. Curabitur sed'),
('0000000075',68,'Brian Buchanan','Lorem ipsum dolor'),
('0000000076',51,'Dante Blevins','Lorem ipsum dolor sit amet, consectetuer adipiscing elit. Curabitur'),
('0000000077',89,'Upton Mcguire','Lorem ipsum dolor sit amet, consectetuer adipiscing elit.'),
('0000000078',72,'Ashton Burgess','Lorem ipsum dolor sit amet,'),
('0000000079',85,'Lane Underwood','Lorem ipsum dolor sit amet, consectetuer adipiscing'),
('0000000080',37,'Valentine Mendoza','Lorem ipsum dolor'),
('0000000081',44,'Dalton Williamson','Lorem'),
('0000000082',43,'Caldwell Brennan','Lorem ipsum'),
('0000000083',75,'Grant Oconnor','Lorem ipsum dolor sit amet, consectetuer adipiscing'),
('0000000084',67,'Giacomo Gates','Lorem ipsum dolor sit'),
('0000000085',17,'Robert Hernandez','Lorem ipsum dolor sit amet, consectetuer adipiscing elit. Curabitur'),
('0000000086',35,'Barclay Frost','Lorem ipsum dolor sit'),
('0000000087',71,'Ira Oneal','Lorem ipsum'),
('0000000088',32,'Lucian Carlson','Lorem ipsum dolor'),
('0000000089',36,'Drew Madden','Lorem ipsum dolor sit amet, consectetuer adipiscing elit.'),
('0000000090',8,'Blaze Pratt','Lorem ipsum dolor sit amet,'),
('0000000091',10,'Patrick Hendrix','Lorem ipsum dolor sit amet, consectetuer adipiscing elit. Curabitur'),
('0000000092',58,'Marsden Peters','Lorem ipsum dolor sit amet, consectetuer adipiscing elit. Curabitur sed'),
('0000000093',21,'Amal Lewis','Lorem ipsum dolor sit amet, consectetuer adipiscing elit.'),
('0000000094',21,'Keith Carson','Lorem ipsum dolor sit amet, consectetuer adipiscing elit. Curabitur'),
('0000000095',72,'Nash Kelly','Lorem ipsum'),
('0000000096',23,'James Monroe','Lorem ipsum dolor sit amet, consectetuer adipiscing elit. Curabitur'),
('0000000097',60,'Cole Warren','Lorem ipsum dolor sit amet, consectetuer'),
('0000000098',89,'Jared Guerra','Lorem ipsum dolor sit amet, consectetuer adipiscing elit.'),
('0000000099',63,'Hasad Cook','Lorem ipsum dolor sit amet, consectetuer'),
('0000000100',28,'Walker Clayton','Lorem ipsum dolor sit amet, consectetuer adipiscing elit. Curabitur'),
('0000000101',12,'Marsden Erickson','Lorem ipsum dolor sit amet, consectetuer adipiscing elit. Curabitur'),
('0000000102',5,'Craig Aguirre','Lorem ipsum'),
('0000000103',56,'Rudyard Harvey','Lorem ipsum dolor sit amet, consectetuer adipiscing elit. Curabitur'),
('0000000104',39,'Camden Parks','Lorem ipsum dolor'),
('0000000105',80,'Lev Snyder','Lorem ipsum dolor sit amet, consectetuer adipiscing elit. Curabitur'),
('0000000106',52,'Hasad Potter','Lorem ipsum dolor sit amet, consectetuer adipiscing'),
('0000000107',7,'Blake Pennington','Lorem ipsum dolor'),
('0000000108',45,'Dillon Dawson','Lorem ipsum'),
('0000000109',24,'Yardley Weber','Lorem ipsum dolor sit amet, consectetuer'),
('0000000110',19,'Chancellor Buckley','Lorem ipsum'),
('0000000111',32,'Reed Bryant','Lorem ipsum dolor sit amet, consectetuer'),
('0000000112',38,'Jerry Stokes','Lorem ipsum dolor sit amet, consectetuer adipiscing'),
('0000000113',69,'Steel Young','Lorem ipsum dolor sit amet, consectetuer adipiscing'),
('0000000114',90,'Addison Hunt','Lorem ipsum dolor sit amet, consectetuer adipiscing elit. Curabitur'),
('0000000115',1,'Myles Rojas','Lorem ipsum dolor sit amet, consectetuer adipiscing elit. Curabitur'),
('0000000116',42,'Marvin Gibbs','Lorem ipsum dolor sit amet, consectetuer adipiscing elit.'),
('0000000117',45,'Tanek Hays','Lorem ipsum dolor'),
('0000000118',86,'Caleb George','Lorem ipsum dolor sit'),
('0000000119',42,'Bert Hyde','Lorem'),
('0000000120',68,'Cullen Bryant','Lorem ipsum'),
('0000000121',24,'Alvin Hansen','Lorem ipsum'),
('0000000122',54,'Neville Vance','Lorem ipsum dolor sit amet, consectetuer adipiscing elit.'),
('0000000123',10,'Garrison Blanchard','Lorem ipsum dolor sit amet, consectetuer adipiscing elit. Curabitur'),
('0000000124',64,'Ray Cooke','Lorem ipsum dolor sit amet, consectetuer adipiscing elit. Curabitur sed'),
('0000000125',47,'Ishmael Love','Lorem ipsum dolor sit amet,'),
('0000000126',31,'Gary Morrow','Lorem ipsum dolor sit'),
('0000000127',2,'Blake Boone','Lorem ipsum dolor'),
('0000000128',71,'Dieter Neal','Lorem ipsum dolor sit amet, consectetuer adipiscing elit. Curabitur'),
('0000000129',4,'Louis Ballard','Lorem ipsum dolor sit amet,'),
('0000000130',24,'Kennan Clements','Lorem ipsum dolor sit amet,'),
('0000000131',54,'Griffin Powell','Lorem'),
('0000000132',30,'Ray Barlow','Lorem ipsum dolor sit amet, consectetuer adipiscing elit. Curabitur'),
('0000000133',15,'Palmer Holden','Lorem ipsum dolor sit'),
('0000000134',72,'Kevin Whitehead','Lorem ipsum dolor sit amet, consectetuer adipiscing elit. Curabitur'),
('0000000135',22,'Kaseem Byrd','Lorem'),
('0000000136',38,'David Ramirez','Lorem ipsum dolor sit amet, consectetuer adipiscing elit.'),
('0000000137',8,'Nathaniel Madden','Lorem ipsum dolor sit amet,'),
('0000000138',70,'Harrison Justice','Lorem ipsum dolor sit amet, consectetuer adipiscing elit. Curabitur'),
('0000000139',65,'Clayton Hood','Lorem ipsum'),
('0000000140',36,'Brett Lowery','Lorem ipsum dolor sit amet, consectetuer adipiscing elit. Curabitur'),
('0000000141',33,'Thomas Walls','Lorem ipsum'),
('0000000142',10,'August Robbins','Lorem ipsum dolor'),
('0000000143',86,'Lester Yang','Lorem ipsum dolor sit amet, consectetuer adipiscing elit. Curabitur'),
('0000000144',74,'Reece Holman','Lorem ipsum dolor sit amet, consectetuer adipiscing elit.'),
('0000000145',79,'Vladimir Leon','Lorem ipsum dolor sit amet, consectetuer'),
('0000000146',68,'Hayes Potter','Lorem ipsum dolor sit amet, consectetuer adipiscing elit. Curabitur'),
('0000000147',23,'Roth Warren','Lorem ipsum dolor sit amet, consectetuer adipiscing elit.'),
('0000000148',61,'Marshall Mckenzie','Lorem ipsum dolor sit amet, consectetuer'),
('0000000149',73,'Dexter Terrell','Lorem ipsum dolor sit'),
('0000000150',4,'Jameson Dale','Lorem ipsum dolor sit amet, consectetuer adipiscing elit. Curabitur'),
('0000000151',5,'Gregory Allison','Lorem ipsum dolor'),
('0000000152',41,'Slade Holland','Lorem ipsum dolor sit'),
('0000000153',27,'Alexander Callahan','Lorem ipsum dolor sit'),
('0000000154',28,'Russell Hoover','Lorem'),
('0000000155',40,'Valentine Sheppard','Lorem ipsum dolor sit amet, consectetuer adipiscing elit. Curabitur'),
('0000000156',69,'Hu Anderson','Lorem ipsum dolor sit amet, consectetuer adipiscing elit. Curabitur'),
('0000000157',12,'Tarik Mejia','Lorem ipsum dolor sit amet, consectetuer adipiscing elit.'),
('0000000158',88,'Abel Osborne','Lorem ipsum dolor sit amet,'),
('0000000159',76,'Beau Gallagher','Lorem'),
('0000000160',64,'Brandon Burgess','Lorem'),
('0000000161',74,'Ralph Fernandez','Lorem ipsum dolor sit amet, consectetuer adipiscing elit. Curabitur'),
('0000000162',41,'Lev Alvarez','Lorem ipsum'),
('0000000163',32,'Kenneth Vinson','Lorem ipsum dolor sit'),
('0000000164',80,'Dean Wright','Lorem ipsum dolor sit amet, consectetuer adipiscing'),
('0000000165',72,'Calvin Lopez','Lorem ipsum'),
('0000000166',14,'Erich Ratliff','Lorem ipsum dolor sit amet, consectetuer'),
('0000000167',44,'Ezekiel Snyder','Lorem ipsum dolor sit'),
('0000000168',4,'Omar Bruce','Lorem ipsum dolor sit amet, consectetuer'),
('0000000169',64,'Vernon Marks','Lorem ipsum dolor sit amet, consectetuer adipiscing elit. Curabitur'),
('0000000170',57,'George Parrish','Lorem ipsum dolor sit amet, consectetuer adipiscing elit. Curabitur'),
('0000000171',15,'Ali Duran','Lorem ipsum dolor sit amet, consectetuer adipiscing elit. Curabitur'),
('0000000172',45,'Tad Joseph','Lorem ipsum dolor sit amet, consectetuer adipiscing elit. Curabitur'),
('0000000173',6,'Kenyon Doyle','Lorem ipsum dolor'),
('0000000174',34,'Nicholas Orr','Lorem ipsum dolor sit amet, consectetuer'),
('0000000175',19,'Lewis Chapman','Lorem ipsum dolor sit'),
('0000000176',29,'Anthony Mcdowell','Lorem ipsum dolor sit'),
('0000000177',29,'Daniel Fulton','Lorem ipsum dolor sit'),
('0000000178',19,'Blake Burton','Lorem ipsum dolor sit amet, consectetuer adipiscing elit.'),
('0000000179',17,'Ferdinand Ramirez','Lorem ipsum dolor sit amet, consectetuer'),
('0000000180',11,'Palmer Reeves','Lorem ipsum dolor sit amet,'),
('0000000181',37,'Aristotle Cruz','Lorem ipsum dolor sit amet,'),
('0000000182',51,'Hakeem Hill','Lorem ipsum dolor sit amet,'),
('0000000183',14,'Colton Barron','Lorem ipsum dolor sit amet, consectetuer'),
('0000000184',26,'Bradley Alford','Lorem ipsum dolor sit amet, consectetuer adipiscing elit. Curabitur'),
('0000000185',53,'Callum Nolan','Lorem ipsum dolor sit amet, consectetuer adipiscing elit. Curabitur'),
('0000000186',25,'Ali Hoffman','Lorem ipsum'),
('0000000187',41,'Hyatt Odonnell','Lorem ipsum dolor sit amet, consectetuer adipiscing elit. Curabitur sed'),
('0000000188',56,'Jonah Carney','Lorem'),
('0000000189',14,'Hedley Head','Lorem ipsum dolor sit amet, consectetuer adipiscing'),
('0000000190',39,'Keegan Thomas','Lorem ipsum dolor sit amet,'),
('0000000191',22,'Dennis Christensen','Lorem ipsum dolor sit amet, consectetuer adipiscing elit. Curabitur'),
('0000000192',25,'Jonas Michael','Lorem ipsum dolor'),
('0000000193',18,'Nehru Leon','Lorem ipsum dolor sit'),
('0000000194',78,'Mark Jarvis','Lorem ipsum dolor sit amet, consectetuer adipiscing elit. Curabitur sed'),
('0000000195',68,'Kane Pruitt','Lorem ipsum dolor sit amet, consectetuer'),
('0000000196',40,'Lionel Chaney','Lorem ipsum dolor sit amet, consectetuer adipiscing elit. Curabitur'),
('0000000197',43,'Hamish Rhodes','Lorem ipsum dolor sit'),
('0000000198',59,'Jelani Pierce','Lorem ipsum'),
('0000000199',85,'Howard Sullivan','Lorem ipsum dolor sit amet, consectetuer adipiscing'),
('0000000200',75,'Tyler Holt','Lorem');

INSERT INTO simple2_detail2 VALUES ('0000000001',39,'Grant Atkins','Lorem ipsum dolor sit amet, consectetuer adipiscing elit. Curabitur sed'),
('0000000002',74,'Nathan Rutledge','Lorem ipsum dolor sit amet, consectetuer adipiscing elit. Curabitur'),
('0000000003',31,'Noah Sawyer','Lorem ipsum'),
('0000000004',6,'Xenos Simon','Lorem ipsum dolor sit amet, consectetuer adipiscing'),
('0000000005',68,'Chester Kinney','Lorem ipsum dolor'),
('0000000006',25,'Ronan Sawyer','Lorem ipsum dolor sit amet, consectetuer'),
('0000000007',73,'Louis Park','Lorem ipsum dolor sit amet, consectetuer adipiscing elit.'),
('0000000008',30,'Bradley Roach','Lorem ipsum'),
('0000000009',22,'Daniel Tyson','Lorem ipsum dolor sit amet,'),
('0000000010',53,'Salvador Carson','Lorem'),
('0000000011',75,'Henry Mccarty','Lorem ipsum dolor sit amet, consectetuer adipiscing elit.'),
('0000000012',54,'Oleg Rosa','Lorem ipsum'),
('0000000013',71,'Erasmus Camacho','Lorem ipsum dolor sit amet,'),
('0000000014',55,'Elvis Morris','Lorem ipsum dolor sit amet, consectetuer adipiscing'),
('0000000015',28,'Griffin Valentine','Lorem ipsum dolor sit amet, consectetuer adipiscing'),
('0000000016',27,'Alden Hess','Lorem ipsum dolor sit amet,'),
('0000000017',4,'Christopher Mcdaniel','Lorem ipsum dolor sit amet, consectetuer'),
('0000000018',43,'Burke Joyner','Lorem'),
('0000000019',1,'Griffin Lamb','Lorem ipsum dolor sit amet, consectetuer adipiscing elit. Curabitur sed'),
('0000000020',6,'Gregory Guzman','Lorem ipsum dolor sit amet, consectetuer adipiscing elit.'),
('0000000021',51,'William Morris','Lorem ipsum dolor sit'),
('0000000022',13,'Leonard Garrison','Lorem ipsum dolor sit amet, consectetuer'),
('0000000023',48,'James Woods','Lorem ipsum dolor sit amet, consectetuer adipiscing elit. Curabitur sed'),
('0000000024',3,'Raphael Charles','Lorem ipsum dolor sit amet,'),
('0000000025',45,'Caleb Newman','Lorem ipsum dolor sit amet, consectetuer adipiscing elit.'),
('0000000026',14,'Kareem Beard','Lorem'),
('0000000027',68,'Abdul Edwards','Lorem ipsum dolor sit amet,'),
('0000000028',63,'Lance Combs','Lorem ipsum dolor sit amet, consectetuer adipiscing elit.'),
('0000000029',28,'Cody Bell','Lorem ipsum dolor sit amet, consectetuer adipiscing elit. Curabitur'),
('0000000030',15,'Samuel Hoover','Lorem ipsum'),
('0000000031',22,'Isaiah Massey','Lorem ipsum dolor sit amet, consectetuer adipiscing elit. Curabitur'),
('0000000032',83,'Giacomo Marks','Lorem ipsum dolor sit amet, consectetuer adipiscing'),
('0000000033',67,'Brennan Foley','Lorem ipsum dolor'),
('0000000034',3,'Ezra Maddox','Lorem ipsum dolor sit'),
('0000000035',1,'Uriel Mack','Lorem ipsum dolor sit'),
('0000000036',59,'Cruz Bauer','Lorem ipsum dolor sit'),
('0000000037',37,'Byron Hunter','Lorem ipsum dolor sit'),
('0000000038',60,'Chester Moon','Lorem ipsum'),
('0000000039',48,'Vance Rosales','Lorem ipsum dolor sit'),
('0000000040',90,'Alden Gates','Lorem'),
('0000000041',64,'Zephania Simmons','Lorem ipsum dolor'),
('0000000042',11,'Jesse Booth','Lorem ipsum dolor sit amet, consectetuer adipiscing'),
('0000000043',62,'Anthony Malone','Lorem ipsum dolor sit amet, consectetuer adipiscing'),
('0000000044',61,'Honorato Santiago','Lorem ipsum dolor sit amet, consectetuer adipiscing elit.'),
('0000000045',2,'Jermaine Curtis','Lorem ipsum'),
('0000000046',86,'Austin Finley','Lorem ipsum'),
('0000000047',29,'Blaze Bowman','Lorem ipsum dolor sit amet, consectetuer'),
('0000000048',17,'Rafael Johnson','Lorem ipsum dolor sit amet,'),
('0000000049',81,'Kenyon Ryan','Lorem ipsum dolor sit'),
('0000000050',38,'Carter Conrad','Lorem ipsum dolor sit amet,'),
('0000000051',88,'Walker Graves','Lorem ipsum dolor sit'),
('0000000052',36,'Chaney Shannon','Lorem ipsum dolor sit'),
('0000000053',74,'Eric Campbell','Lorem'),
('0000000054',18,'Mason Hunter','Lorem ipsum dolor sit amet, consectetuer adipiscing elit.'),
('0000000055',83,'Eagan Wheeler','Lorem ipsum dolor sit amet, consectetuer adipiscing elit. Curabitur sed'),
('0000000056',43,'Grant Valentine','Lorem'),
('0000000057',1,'Abel Houston','Lorem ipsum dolor sit amet,'),
('0000000058',3,'Yardley Jenkins','Lorem ipsum dolor sit amet, consectetuer adipiscing elit. Curabitur'),
('0000000059',34,'Armando Ferguson','Lorem ipsum dolor sit amet, consectetuer'),
('0000000060',64,'Jason Marshall','Lorem ipsum dolor sit amet, consectetuer adipiscing elit. Curabitur'),
('0000000061',85,'Hall Haynes','Lorem ipsum dolor sit amet, consectetuer adipiscing elit.'),
('0000000062',28,'Acton Hernandez','Lorem ipsum dolor sit amet, consectetuer adipiscing'),
('0000000063',25,'Macaulay Navarro','Lorem ipsum dolor sit amet,'),
('0000000064',11,'Ezekiel Hardin','Lorem ipsum dolor'),
('0000000065',76,'Boris Crosby','Lorem ipsum dolor sit amet, consectetuer adipiscing elit.'),
('0000000066',28,'Edan Walsh','Lorem ipsum dolor'),
('0000000067',59,'Wesley Gay','Lorem ipsum dolor sit amet, consectetuer adipiscing elit. Curabitur'),
('0000000068',83,'Nolan Kent','Lorem ipsum'),
('0000000069',1,'Jameson Cote','Lorem ipsum dolor sit'),
('0000000070',47,'Evan Pena','Lorem ipsum dolor sit amet, consectetuer adipiscing elit. Curabitur sed'),
('0000000071',54,'Hu Bates','Lorem ipsum dolor'),
('0000000072',30,'Omar Hodge','Lorem ipsum'),
('0000000073',78,'Arsenio Adkins','Lorem ipsum dolor sit amet, consectetuer'),
('0000000074',21,'Ferris Maynard','Lorem ipsum dolor'),
('0000000075',38,'Jamal Middleton','Lorem'),
('0000000076',43,'Leroy Floyd','Lorem ipsum dolor sit amet, consectetuer adipiscing elit.'),
('0000000077',38,'Tyler Barrett','Lorem ipsum dolor sit'),
('0000000078',90,'Hamish Pickett','Lorem ipsum dolor sit amet, consectetuer'),
('0000000079',74,'Devin Williams','Lorem ipsum dolor sit amet,'),
('0000000080',1,'Nash Serrano','Lorem ipsum dolor sit amet, consectetuer adipiscing elit.'),
('0000000081',64,'Alden Clay','Lorem ipsum dolor'),
('0000000082',60,'Dennis Vaughn','Lorem ipsum dolor sit amet, consectetuer adipiscing elit. Curabitur'),
('0000000083',57,'Hedley Patterson','Lorem ipsum dolor sit amet, consectetuer adipiscing elit. Curabitur sed'),
('0000000084',21,'Hamish Blair','Lorem ipsum dolor sit amet, consectetuer'),
('0000000085',77,'Reuben Schmidt','Lorem ipsum dolor sit amet, consectetuer adipiscing elit. Curabitur'),
('0000000086',83,'Mufutau Hooper','Lorem ipsum dolor sit amet, consectetuer adipiscing elit. Curabitur sed'),
('0000000087',55,'Fletcher Scott','Lorem ipsum'),
('0000000088',52,'Chadwick Keller','Lorem ipsum dolor sit amet,'),
('0000000089',69,'James Gross','Lorem ipsum dolor sit amet, consectetuer adipiscing elit. Curabitur sed'),
('0000000090',90,'Quinn Wells','Lorem ipsum dolor sit amet, consectetuer adipiscing elit. Curabitur sed'),
('0000000091',16,'Jack Ryan','Lorem ipsum dolor'),
('0000000092',47,'Armando Hendrix','Lorem ipsum dolor sit amet, consectetuer adipiscing elit. Curabitur sed'),
('0000000093',81,'Bruno Burton','Lorem ipsum dolor sit amet, consectetuer adipiscing'),
('0000000094',89,'Alan Kirkland','Lorem ipsum dolor sit amet, consectetuer adipiscing'),
('0000000095',38,'Brendan Valentine','Lorem'),
('0000000096',60,'Garth Byers','Lorem ipsum dolor sit amet, consectetuer adipiscing elit. Curabitur'),
('0000000097',72,'Lee Hansen','Lorem ipsum dolor sit amet, consectetuer adipiscing elit. Curabitur'),
('0000000098',87,'Colton Murphy','Lorem ipsum dolor'),
('0000000099',53,'Wyatt Delgado','Lorem ipsum dolor'),
('0000000100',67,'Beck Contreras','Lorem ipsum dolor sit'),
('0000000101',6,'Laith Mcintyre','Lorem ipsum dolor sit amet, consectetuer'),
('0000000102',78,'Conan Macias','Lorem ipsum'),
('0000000103',8,'Yardley Preston','Lorem ipsum dolor sit amet, consectetuer adipiscing elit.'),
('0000000104',57,'Kane Harper','Lorem ipsum dolor sit amet,'),
('0000000105',3,'Conan Potts','Lorem ipsum dolor sit amet, consectetuer adipiscing elit. Curabitur sed'),
('0000000106',62,'Warren Cox','Lorem ipsum dolor sit amet, consectetuer adipiscing elit. Curabitur sed'),
('0000000107',45,'Dolan Page','Lorem ipsum dolor'),
('0000000108',77,'Hakeem George','Lorem ipsum dolor sit'),
('0000000109',81,'Hasad Green','Lorem ipsum dolor sit amet, consectetuer adipiscing'),
('0000000110',39,'Caleb Little','Lorem ipsum dolor sit amet,'),
('0000000111',63,'Lester Gibson','Lorem ipsum dolor sit'),
('0000000112',69,'Joseph Crosby','Lorem'),
('0000000113',71,'Avram Anderson','Lorem ipsum dolor sit amet, consectetuer'),
('0000000114',65,'Carlos Berg','Lorem ipsum dolor sit amet, consectetuer adipiscing elit. Curabitur'),
('0000000115',82,'Nathan Santiago','Lorem ipsum dolor sit amet, consectetuer adipiscing elit. Curabitur sed'),
('0000000116',17,'Slade Reyes','Lorem ipsum dolor sit amet,'),
('0000000117',89,'Garth Fuentes','Lorem ipsum dolor sit amet, consectetuer adipiscing elit. Curabitur'),
('0000000118',71,'Hilel Finley','Lorem ipsum'),
('0000000119',75,'Ahmed Jimenez','Lorem ipsum dolor sit amet, consectetuer adipiscing'),
('0000000120',55,'Kasimir York','Lorem ipsum dolor sit amet, consectetuer adipiscing elit. Curabitur'),
('0000000121',51,'Travis Ramos','Lorem'),
('0000000122',57,'Deacon Frye','Lorem ipsum dolor sit amet, consectetuer adipiscing'),
('0000000123',15,'Solomon Riddle','Lorem ipsum dolor sit amet, consectetuer adipiscing elit. Curabitur sed'),
('0000000124',33,'Clinton Caldwell','Lorem ipsum dolor sit amet, consectetuer adipiscing elit. Curabitur'),
('0000000125',24,'Rajah Schneider','Lorem'),
('0000000126',10,'Ryan White','Lorem'),
('0000000127',35,'Shad Richard','Lorem ipsum'),
('0000000128',73,'Todd Washington','Lorem'),
('0000000129',15,'Moses Gregory','Lorem ipsum dolor sit amet,'),
('0000000130',64,'Nigel Chen','Lorem ipsum dolor sit amet, consectetuer adipiscing elit. Curabitur sed'),
('0000000131',55,'Knox Hines','Lorem'),
('0000000132',50,'Eric Palmer','Lorem ipsum dolor sit amet,'),
('0000000133',44,'Dorian Heath','Lorem ipsum dolor sit amet,'),
('0000000134',38,'Kadeem Duran','Lorem ipsum dolor sit'),
('0000000135',67,'Uriah Beach','Lorem ipsum dolor sit amet, consectetuer adipiscing elit. Curabitur'),
('0000000136',16,'Bevis Walters','Lorem ipsum dolor sit amet, consectetuer adipiscing elit. Curabitur'),
('0000000137',9,'Aidan Jarvis','Lorem ipsum dolor sit amet,'),
('0000000138',66,'Randall Jacobs','Lorem ipsum dolor sit amet,'),
('0000000139',1,'Neil Ayers','Lorem ipsum dolor'),
('0000000140',24,'Kermit Knight','Lorem ipsum dolor sit amet, consectetuer'),
('0000000141',71,'Reed Salas','Lorem ipsum dolor sit amet, consectetuer'),
('0000000142',66,'Louis Rose','Lorem'),
('0000000143',71,'Jerry Cash','Lorem ipsum dolor'),
('0000000144',44,'Ignatius Blackburn','Lorem ipsum dolor sit amet, consectetuer'),
('0000000145',16,'Bevis Abbott','Lorem ipsum dolor sit amet, consectetuer adipiscing'),
('0000000146',53,'Alfonso Chambers','Lorem ipsum dolor sit amet, consectetuer adipiscing elit.'),
('0000000147',53,'Thane Wolfe','Lorem ipsum dolor sit amet, consectetuer adipiscing elit. Curabitur sed'),
('0000000148',16,'Talon Pitts','Lorem ipsum dolor sit amet, consectetuer'),
('0000000149',35,'Julian Gregory','Lorem ipsum dolor sit'),
('0000000150',32,'Tad Pope','Lorem ipsum dolor sit amet,'),
('0000000151',36,'Zeus Vega','Lorem ipsum dolor sit amet, consectetuer adipiscing elit. Curabitur'),
('0000000152',32,'Hyatt Wade','Lorem ipsum dolor sit amet, consectetuer adipiscing elit.'),
('0000000153',14,'Calvin Sawyer','Lorem ipsum dolor sit amet,'),
('0000000154',56,'Hayden Burnett','Lorem ipsum dolor sit amet, consectetuer adipiscing'),
('0000000155',8,'Noble Snow','Lorem ipsum dolor sit'),
('0000000156',18,'Rajah Dudley','Lorem ipsum dolor sit'),
('0000000157',79,'Elton Hickman','Lorem ipsum dolor sit amet,'),
('0000000158',22,'Lester Christensen','Lorem ipsum dolor sit amet, consectetuer adipiscing elit.'),
('0000000159',56,'Xanthus Armstrong','Lorem ipsum dolor sit'),
('0000000160',66,'Oscar Molina','Lorem ipsum dolor'),
('0000000161',72,'Griffith Larsen','Lorem ipsum dolor sit amet, consectetuer adipiscing elit. Curabitur sed'),
('0000000162',81,'Raphael Carey','Lorem ipsum'),
('0000000163',84,'Tucker Rodriquez','Lorem ipsum dolor sit'),
('0000000164',68,'Bernard Nichols','Lorem'),
('0000000165',68,'Chandler Christian','Lorem ipsum dolor sit amet, consectetuer'),
('0000000166',70,'Rudyard Torres','Lorem ipsum dolor sit amet, consectetuer'),
('0000000167',44,'Caleb Carpenter','Lorem ipsum'),
('0000000168',49,'Grant David','Lorem ipsum dolor sit amet, consectetuer adipiscing'),
('0000000169',49,'Nicholas Buchanan','Lorem ipsum dolor'),
('0000000170',65,'Donovan Benton','Lorem ipsum dolor sit amet, consectetuer adipiscing elit.'),
('0000000171',3,'Plato Love','Lorem ipsum'),
('0000000172',62,'Jermaine Banks','Lorem ipsum dolor sit amet, consectetuer adipiscing'),
('0000000173',23,'Tate Hanson','Lorem ipsum dolor sit amet, consectetuer adipiscing elit. Curabitur'),
('0000000174',25,'Ian Daniel','Lorem ipsum dolor sit amet,'),
('0000000175',23,'Branden Singleton','Lorem ipsum dolor sit amet, consectetuer'),
('0000000176',74,'Emmanuel Wiggins','Lorem ipsum dolor sit amet, consectetuer adipiscing elit. Curabitur'),
('0000000177',12,'Roth Charles','Lorem ipsum dolor sit amet, consectetuer adipiscing elit.'),
('0000000178',8,'Tarik Hill','Lorem ipsum'),
('0000000179',9,'Quentin Lynn','Lorem ipsum'),
('0000000180',33,'Merritt Myers','Lorem ipsum dolor'),
('0000000181',20,'Hakeem Bradford','Lorem ipsum dolor sit'),
('0000000182',78,'Drew Lindsey','Lorem'),
('0000000183',4,'Kato Mejia','Lorem ipsum dolor sit amet,'),
('0000000184',21,'Tyrone Golden','Lorem ipsum'),
('0000000185',61,'Cooper Roth','Lorem ipsum dolor sit amet, consectetuer adipiscing'),
('0000000186',64,'Dillon Raymond','Lorem ipsum dolor sit amet, consectetuer adipiscing elit.'),
('0000000187',56,'Michael Ruiz','Lorem ipsum dolor sit amet, consectetuer adipiscing elit.'),
('0000000188',73,'Keegan Callahan','Lorem ipsum dolor sit amet, consectetuer adipiscing elit.'),
('0000000189',52,'Calvin Trujillo','Lorem ipsum'),
('0000000190',17,'Damian Edwards','Lorem ipsum dolor'),
('0000000191',28,'Tate Cotton','Lorem ipsum dolor sit amet, consectetuer adipiscing'),
('0000000192',75,'Clarke Owens','Lorem ipsum dolor sit amet, consectetuer'),
('0000000193',62,'Kasimir Cohen','Lorem ipsum dolor'),
('0000000194',60,'Gabriel Hartman','Lorem ipsum dolor sit amet, consectetuer adipiscing elit. Curabitur sed'),
('0000000195',50,'Neil Cash','Lorem ipsum dolor sit amet, consectetuer'),
('0000000196',84,'Dale Gilbert','Lorem'),
('0000000197',73,'Leo Mckee','Lorem ipsum dolor sit amet, consectetuer adipiscing'),
('0000000198',53,'Chandler Rivers','Lorem ipsum dolor sit amet, consectetuer adipiscing elit. Curabitur'),
('0000000199',40,'Cody Albert','Lorem'),
('0000000200',28,'Paul Espinoza','Lorem ipsum dolor');

INSERT INTO secondary VALUES (1, 'Secondary 1'),
(2, 'Secondary 2'),
(3, 'Secondary 3'),
(4, 'Secondary 4');

INSERT INTO complex VALUES (1,'Phillip Greer','Lorem ipsum dolor sit amet,',2,'true','44.22',98,'22-02-2000','06:33:48','2013-10-08 20:54:49'),
(2,'Clinton Roth','Lorem ipsum',1,'false','95.77',24,'14-02-2000','10:13:50','2003-05-02 13:40:43'),
(3,'Wyatt Gibbs','Lorem ipsum dolor sit amet, consectetuer adipiscing elit. Curabitur sed',1,'true','31.86',98,'26-11-2000','22:46:43','2018-06-15 05:54:29'),
(4,'Harding Sims','Lorem ipsum dolor sit amet, consectetuer adipiscing elit. Curabitur',1,'false','16.50',74,'14-07-2000','06:42:31','2010-03-27 21:49:17'),
(5,'Wesley Miller','Lorem ipsum dolor sit amet, consectetuer adipiscing elit. Curabitur',3,'true','38.81',90,'07-09-2000','05:17:12','2012-03-07 17:03:08'),
(6,'Francis Barr','Lorem ipsum dolor sit',2,'false','97.71',38,'23-03-2000','05:04:25','2006-12-11 02:44:13'),
(7,'Jack Reid','Lorem ipsum dolor sit amet, consectetuer adipiscing elit. Curabitur sed',3,'true','98.24',98,'04-07-2000','00:48:03','2001-11-01 00:51:59'),
(8,'Dillon Santana','Lorem ipsum dolor sit amet, consectetuer',4,'false','73.24',39,'02-09-2000','01:17:16','2000-07-24 20:19:10'),
(9,'Arden Foreman','Lorem ipsum dolor sit amet,',1,'true','28.76',88,'07-06-2000','14:20:20','2013-07-11 23:55:47'),
(10,'Aladdin Richardson','Lorem ipsum dolor sit amet, consectetuer adipiscing',2,'false','45.27',89,'07-05-2000','03:40:57','2006-02-06 23:19:43'),
(11,'Gavin Morse','Lorem ipsum dolor sit amet, consectetuer adipiscing elit.',2,'true','83.54',20,'26-03-2000','11:46:44','2017-09-26 10:48:20'),
(12,'Xenos Webster','Lorem ipsum',1,'false','93.31',18,'09-07-2000','20:52:30','2005-10-22 23:17:15'),
(13,'Fuller Henson','Lorem ipsum dolor sit amet,',1,'true','84.30',53,'21-06-2000','12:23:06','2005-11-03 11:12:12'),
(14,'Tanek Gutierrez','Lorem ipsum dolor sit amet, consectetuer adipiscing elit.',4,'false','43.83',43,'16-08-2000','00:57:59','2005-04-19 15:04:09'),
(15,'Bradley Sweet','Lorem ipsum dolor sit',4,'true','32.73',59,'02-01-2000','07:15:45','2003-09-28 08:32:47'),
(16,'Fitzgerald Macdonald','Lorem ipsum dolor sit amet,',3,'false','19.81',80,'25-08-2000','15:43:46','2014-04-09 14:31:49'),
(17,'Lester Hodge','Lorem ipsum',4,'true','41.64',90,'05-01-2000','00:06:25','2001-11-13 21:00:59'),
(18,'Jakeem Obrien','Lorem ipsum dolor sit amet, consectetuer adipiscing',4,'false','93.96',31,'09-11-2000','18:54:46','2013-01-20 17:36:18'),
(19,'Oleg Kerr','Lorem ipsum dolor sit amet,',3,'true','98.30',88,'26-11-2000','07:09:18','2010-10-13 14:37:34'),
(20,'Finn Mcpherson','Lorem',1,'false','37.51',50,'13-10-2000','10:58:03','2018-05-15 08:27:10'),
(21,'Shad Love','Lorem ipsum',1,'true','83.85',5,'31-08-2000','19:32:11','2002-05-04 16:25:48'),
(22,'Barry Knowles','Lorem ipsum dolor',4,'false','34.03',52,'23-07-2000','04:19:57','2008-12-12 20:29:19'),
(23,'Valentine Chan','Lorem ipsum dolor sit amet, consectetuer adipiscing elit. Curabitur',4,'true','38.07',47,'20-09-2000','07:37:01','2016-09-10 07:34:04'),
(24,'Amery Robbins','Lorem ipsum dolor sit amet, consectetuer adipiscing',1,'false','61.61',69,'23-01-2000','22:24:51','2016-06-30 14:30:17'),
(25,'Abbot Herrera','Lorem ipsum dolor sit amet, consectetuer adipiscing elit.',1,'true','86.24',45,'04-09-2000','14:49:12','2003-11-05 05:19:15'),
(26,'Jelani Matthews','Lorem ipsum',2,'false','98.54',28,'11-06-2000','01:29:03','2010-12-11 06:00:58'),
(27,'Mufutau Kelly','Lorem ipsum dolor sit amet, consectetuer adipiscing elit. Curabitur sed',4,'true','51.57',76,'13-09-2000','12:31:21','2014-06-25 03:42:26'),
(28,'Caldwell Black','Lorem ipsum',4,'false','77.31',56,'12-10-2000','02:29:31','2002-04-25 00:24:00'),
(29,'Aidan Rose','Lorem ipsum',4,'true','19.90',8,'08-11-2000','07:33:42','2007-02-23 14:56:59'),
(30,'Herrod Casey','Lorem ipsum dolor sit amet, consectetuer',2,'false','89.05',9,'23-01-2000','06:42:33','2016-09-16 13:48:55'),
(31,'Brendan Gentry','Lorem ipsum dolor sit amet, consectetuer adipiscing elit.',3,'true','54.16',86,'01-09-2000','17:22:32','2012-05-06 15:58:27'),
(32,'Benedict Carrillo','Lorem ipsum dolor sit amet, consectetuer adipiscing elit. Curabitur sed',2,'false','10.95',39,'23-08-2000','11:01:07','2013-05-28 14:45:03'),
(33,'Talon Stein','Lorem ipsum dolor sit amet, consectetuer adipiscing elit. Curabitur sed',4,'true','38.35',92,'03-06-2000','01:35:48','2003-01-08 03:31:22'),
(34,'Basil Tanner','Lorem ipsum dolor sit',1,'false','48.06',94,'03-11-2000','06:06:07','2015-03-16 02:46:40'),
(35,'Baker Mathis','Lorem',1,'true','63.59',33,'01-02-2000','07:19:55','2013-03-01 09:18:08'),
(36,'Cole Houston','Lorem ipsum dolor sit amet,',2,'false','31.47',63,'07-11-2000','12:28:51','2007-12-21 14:56:37'),
(37,'Dante Middleton','Lorem ipsum',3,'true','51.60',58,'05-07-2000','23:45:17','2003-02-27 20:52:50'),
(38,'Lev Colon','Lorem ipsum dolor sit amet, consectetuer',1,'false','63.25',60,'29-01-2000','21:24:23','2016-11-02 01:47:27'),
(39,'Thor Osborne','Lorem ipsum',4,'true','44.87',1,'04-06-2000','03:29:06','2004-07-02 15:28:37'),
(40,'Amos Gibbs','Lorem ipsum dolor sit amet, consectetuer adipiscing',1,'false','38.58',50,'09-01-2000','04:04:16','2001-07-03 14:56:32'),
(41,'Zachery Woodard','Lorem ipsum dolor sit amet,',1,'true','25.73',80,'05-03-2000','23:33:26','2001-11-23 14:06:32'),
(42,'Colt Vang','Lorem ipsum dolor',1,'false','97.01',10,'16-07-2000','19:24:35','2002-12-02 01:22:41'),
(43,'Zahir Fowler','Lorem ipsum dolor sit amet, consectetuer',3,'true','81.26',93,'13-01-2000','14:15:43','2004-11-20 07:43:27'),
(44,'Malcolm Cooper','Lorem ipsum dolor sit amet,',2,'false','23.22',95,'18-04-2000','14:58:35','2000-03-09 22:51:24'),
(45,'Reuben Workman','Lorem ipsum dolor sit amet, consectetuer',1,'true','82.33',92,'16-07-2000','12:12:32','2018-10-29 15:53:09'),
(46,'Valentine Britt','Lorem ipsum',2,'false','16.74',41,'20-10-2000','00:50:57','2012-09-09 10:07:50'),
(47,'Hall Gay','Lorem ipsum dolor sit amet, consectetuer adipiscing elit. Curabitur',1,'true','19.35',63,'24-09-2000','16:08:36','2003-07-28 21:06:00'),
(48,'Amir Crane','Lorem ipsum',3,'false','53.73',16,'08-08-2000','05:16:03','2005-02-28 04:42:35'),
(49,'Wyatt Dodson','Lorem ipsum dolor sit amet,',3,'true','85.77',91,'24-12-2000','22:27:47','2017-03-28 06:51:40'),
(50,'Chaney Pollard','Lorem ipsum dolor sit amet, consectetuer adipiscing elit.',2,'false','87.47',37,'13-10-2000','13:41:12','2007-05-05 16:40:59'),
(51,'Fritz Boone','Lorem ipsum dolor sit amet, consectetuer adipiscing elit.',4,'true','77.49',90,'03-05-2000','22:50:41','2000-04-18 12:35:12'),
(52,'Adam Slater','Lorem ipsum dolor sit amet, consectetuer adipiscing elit.',4,'false','98.17',2,'14-08-2000','20:38:11','2012-01-23 23:05:19'),
(53,'Andrew Wiggins','Lorem ipsum dolor sit amet, consectetuer',2,'true','82.38',9,'07-07-2000','01:03:08','2003-09-25 10:34:24'),
(54,'Melvin Calderon','Lorem ipsum dolor sit amet, consectetuer adipiscing elit.',1,'false','52.48',90,'24-07-2000','19:58:04','2003-08-31 20:21:04'),
(55,'Burke Witt','Lorem ipsum dolor',2,'true','46.14',79,'15-05-2000','10:10:54','2012-05-29 21:17:04'),
(56,'Owen Vargas','Lorem ipsum dolor sit amet,',4,'false','88.01',71,'08-06-2000','07:34:33','2003-12-11 10:21:54'),
(57,'Cairo Dudley','Lorem ipsum dolor sit',3,'true','72.09',22,'08-06-2000','14:19:35','2007-04-20 04:14:29'),
(58,'Wang Gentry','Lorem ipsum dolor sit amet, consectetuer adipiscing elit. Curabitur sed',4,'false','62.95',50,'07-09-2000','01:32:27','2002-01-10 07:44:52'),
(59,'Stuart Berg','Lorem ipsum dolor sit amet, consectetuer adipiscing elit.',2,'true','86.46',42,'16-06-2000','11:34:56','2010-02-02 03:02:23'),
(60,'Griffith Gallegos','Lorem ipsum dolor sit amet,',2,'false','28.11',69,'17-10-2000','04:53:51','2011-10-20 01:57:29'),
(61,'Caesar Riley','Lorem ipsum dolor sit',3,'true','21.28',71,'06-07-2000','08:18:48','2000-11-06 03:29:30'),
(62,'Nigel Booker','Lorem ipsum',2,'false','80.53',25,'02-12-2000','01:50:33','2002-09-03 18:16:50'),
(63,'Stone Bond','Lorem ipsum',3,'true','93.97',54,'13-07-2000','05:14:35','2010-03-08 12:35:37'),
(64,'Solomon Dawson','Lorem ipsum dolor sit amet, consectetuer adipiscing elit. Curabitur',3,'false','41.12',51,'01-09-2000','04:59:51','2005-04-20 04:48:26'),
(65,'Francis Richardson','Lorem ipsum dolor sit amet, consectetuer adipiscing elit. Curabitur',1,'true','10.35',13,'28-12-2000','15:44:55','2005-01-24 11:58:55'),
(66,'Barrett Joyner','Lorem ipsum dolor sit amet, consectetuer adipiscing elit.',4,'false','35.64',94,'18-03-2000','00:31:34','2013-12-03 03:57:44'),
(67,'Noble Morgan','Lorem ipsum dolor sit amet, consectetuer',2,'true','30.69',2,'06-08-2000','11:43:23','2009-05-03 06:01:42'),
(68,'Anthony Medina','Lorem ipsum dolor sit',4,'false','18.17',74,'16-03-2000','16:42:58','2012-03-21 07:29:16'),
(69,'Ethan Shelton','Lorem ipsum',3,'true','60.47',22,'02-02-2000','15:24:40','2007-08-17 06:01:12'),
(70,'Upton Peterson','Lorem ipsum dolor sit amet, consectetuer adipiscing elit.',1,'false','65.75',20,'20-12-2000','12:59:41','2000-02-08 11:03:06'),
(71,'Hu Marks','Lorem ipsum dolor sit amet,',1,'true','20.45',67,'18-12-2000','07:55:29','2019-11-05 12:59:28'),
(72,'Sebastian Barlow','Lorem ipsum dolor sit amet, consectetuer adipiscing elit. Curabitur',3,'false','91.78',46,'09-01-2000','01:58:21','2009-10-23 03:04:01'),
(73,'Porter Valencia','Lorem ipsum dolor',1,'true','68.77',6,'07-02-2000','12:03:17','2000-02-28 04:15:59'),
(74,'Cain Ford','Lorem ipsum dolor sit',3,'false','89.86',6,'29-09-2000','13:08:35','2014-10-20 09:54:17'),
(75,'Emerson Gilbert','Lorem ipsum dolor sit amet, consectetuer adipiscing elit.',1,'true','18.54',71,'31-08-2000','22:37:42','2007-08-08 02:37:29'),
(76,'Russell Lynch','Lorem ipsum dolor sit amet, consectetuer adipiscing elit.',4,'false','38.91',34,'11-12-2000','07:18:05','2002-05-08 17:55:48'),
(77,'Grant Bruce','Lorem ipsum dolor sit amet, consectetuer adipiscing elit. Curabitur',2,'true','42.15',77,'25-05-2000','14:55:05','2007-08-16 14:42:09'),
(78,'Curran Carr','Lorem ipsum',4,'false','41.06',1,'14-02-2000','10:10:16','2003-01-20 01:50:02'),
(79,'Ali Castillo','Lorem ipsum dolor sit amet, consectetuer adipiscing elit. Curabitur',1,'true','55.00',56,'20-09-2000','21:15:00','2001-11-28 11:13:53'),
(80,'Griffin Mckay','Lorem ipsum dolor sit amet, consectetuer adipiscing elit.',1,'false','23.88',25,'27-11-2000','13:20:34','2010-09-03 19:40:35'),
(81,'Brenden Cash','Lorem ipsum dolor',4,'true','10.88',23,'16-11-2000','16:09:54','2003-05-31 02:55:18'),
(82,'Vladimir Solis','Lorem ipsum',4,'false','76.65',78,'10-02-2000','18:51:07','2016-05-08 01:28:51'),
(83,'Keane Bryant','Lorem ipsum',3,'true','45.27',60,'07-01-2000','20:37:18','2007-07-27 20:29:49'),
(84,'Michael Cobb','Lorem ipsum dolor sit amet, consectetuer adipiscing elit. Curabitur sed',1,'false','84.42',71,'13-08-2000','22:26:01','2015-09-20 09:04:24'),
(85,'Leo Schmidt','Lorem ipsum',2,'true','14.33',2,'27-09-2000','18:43:21','2000-07-08 18:30:49'),
(86,'Griffith Riley','Lorem',3,'false','19.30',97,'04-05-2000','23:27:12','2011-04-01 22:57:21'),
(87,'Alden Dunlap','Lorem',1,'true','95.98',2,'17-01-2000','00:17:17','2006-05-28 13:22:36'),
(88,'Kenyon Wilkins','Lorem ipsum dolor sit amet, consectetuer adipiscing elit. Curabitur',4,'false','44.65',40,'26-11-2000','13:20:09','2002-09-08 16:29:27'),
(89,'Simon Gonzalez','Lorem ipsum dolor sit amet, consectetuer adipiscing elit. Curabitur',2,'true','78.23',46,'15-05-2000','04:34:48','2000-03-14 05:54:02'),
(90,'Xenos Phillips','Lorem ipsum dolor sit',2,'false','21.66',66,'12-11-2000','12:33:20','2019-10-13 22:33:31'),
(91,'Plato Velazquez','Lorem ipsum dolor sit amet, consectetuer adipiscing elit. Curabitur',2,'true','41.54',91,'13-12-2000','12:25:37','2014-11-17 19:27:05'),
(92,'Lucius Craft','Lorem ipsum dolor sit amet, consectetuer adipiscing',2,'false','25.85',35,'10-11-2000','23:20:52','2011-02-05 14:02:10'),
(93,'Armand Palmer','Lorem ipsum dolor sit amet,',2,'true','41.35',38,'26-02-2000','12:26:45','2001-09-12 12:09:00');

INSERT INTO complex2 VALUES (1,'Phillip Greer','Lorem ipsum dolor sit amet,',2,'true','44.22',98,'22-02-2000','06:33:48','2013-10-08 20:54:49'),
(2,'Clinton Roth','Lorem ipsum',1,'false','95.77',24,'14-02-2000','10:13:50','2003-05-02 13:40:43'),
(3,'Wyatt Gibbs','Lorem ipsum dolor sit amet, consectetuer adipiscing elit. Curabitur sed',1,'true','31.86',98,'26-11-2000','22:46:43','2018-06-15 05:54:29'),
(4,'Harding Sims','Lorem ipsum dolor sit amet, consectetuer adipiscing elit. Curabitur',1,'false','16.50',74,'14-07-2000','06:42:31','2010-03-27 21:49:17'),
(5,'Wesley Miller','Lorem ipsum dolor sit amet, consectetuer adipiscing elit. Curabitur',3,'true','38.81',90,'07-09-2000','05:17:12','2012-03-07 17:03:08'),
(6,'Francis Barr','Lorem ipsum dolor sit',2,'false','97.71',38,'23-03-2000','05:04:25','2006-12-11 02:44:13'),
(7,'Jack Reid','Lorem ipsum dolor sit amet, consectetuer adipiscing elit. Curabitur sed',3,'true','98.24',98,'04-07-2000','00:48:03','2001-11-01 00:51:59'),
(8,'Dillon Santana','Lorem ipsum dolor sit amet, consectetuer',4,'false','73.24',39,'02-09-2000','01:17:16','2000-07-24 20:19:10'),
(9,'Arden Foreman','Lorem ipsum dolor sit amet,',1,'true','28.76',88,'07-06-2000','14:20:20','2013-07-11 23:55:47'),
(10,'Aladdin Richardson','Lorem ipsum dolor sit amet, consectetuer adipiscing',2,'false','45.27',89,'07-05-2000','03:40:57','2006-02-06 23:19:43'),
(11,'Gavin Morse','Lorem ipsum dolor sit amet, consectetuer adipiscing elit.',2,'true','83.54',20,'26-03-2000','11:46:44','2017-09-26 10:48:20'),
(12,'Xenos Webster','Lorem ipsum',1,'false','93.31',18,'09-07-2000','20:52:30','2005-10-22 23:17:15'),
(13,'Fuller Henson','Lorem ipsum dolor sit amet,',1,'true','84.30',53,'21-06-2000','12:23:06','2005-11-03 11:12:12'),
(14,'Tanek Gutierrez','Lorem ipsum dolor sit amet, consectetuer adipiscing elit.',4,'false','43.83',43,'16-08-2000','00:57:59','2005-04-19 15:04:09'),
(15,'Bradley Sweet','Lorem ipsum dolor sit',4,'true','32.73',59,'02-01-2000','07:15:45','2003-09-28 08:32:47'),
(16,'Fitzgerald Macdonald','Lorem ipsum dolor sit amet,',3,'false','19.81',80,'25-08-2000','15:43:46','2014-04-09 14:31:49'),
(17,'Lester Hodge','Lorem ipsum',4,'true','41.64',90,'05-01-2000','00:06:25','2001-11-13 21:00:59'),
(18,'Jakeem Obrien','Lorem ipsum dolor sit amet, consectetuer adipiscing',4,'false','93.96',31,'09-11-2000','18:54:46','2013-01-20 17:36:18'),
(19,'Oleg Kerr','Lorem ipsum dolor sit amet,',3,'true','98.30',88,'26-11-2000','07:09:18','2010-10-13 14:37:34'),
(20,'Finn Mcpherson','Lorem',1,'false','37.51',50,'13-10-2000','10:58:03','2018-05-15 08:27:10'),
(21,'Shad Love','Lorem ipsum',1,'true','83.85',5,'31-08-2000','19:32:11','2002-05-04 16:25:48'),
(22,'Barry Knowles','Lorem ipsum dolor',4,'false','34.03',52,'23-07-2000','04:19:57','2008-12-12 20:29:19'),
(23,'Valentine Chan','Lorem ipsum dolor sit amet, consectetuer adipiscing elit. Curabitur',4,'true','38.07',47,'20-09-2000','07:37:01','2016-09-10 07:34:04'),
(24,'Amery Robbins','Lorem ipsum dolor sit amet, consectetuer adipiscing',1,'false','61.61',69,'23-01-2000','22:24:51','2016-06-30 14:30:17'),
(25,'Abbot Herrera','Lorem ipsum dolor sit amet, consectetuer adipiscing elit.',1,'true','86.24',45,'04-09-2000','14:49:12','2003-11-05 05:19:15'),
(26,'Jelani Matthews','Lorem ipsum',2,'false','98.54',28,'11-06-2000','01:29:03','2010-12-11 06:00:58'),
(27,'Mufutau Kelly','Lorem ipsum dolor sit amet, consectetuer adipiscing elit. Curabitur sed',4,'true','51.57',76,'13-09-2000','12:31:21','2014-06-25 03:42:26'),
(28,'Caldwell Black','Lorem ipsum',4,'false','77.31',56,'12-10-2000','02:29:31','2002-04-25 00:24:00'),
(29,'Aidan Rose','Lorem ipsum',4,'true','19.90',8,'08-11-2000','07:33:42','2007-02-23 14:56:59'),
(30,'Herrod Casey','Lorem ipsum dolor sit amet, consectetuer',2,'false','89.05',9,'23-01-2000','06:42:33','2016-09-16 13:48:55'),
(31,'Brendan Gentry','Lorem ipsum dolor sit amet, consectetuer adipiscing elit.',3,'true','54.16',86,'01-09-2000','17:22:32','2012-05-06 15:58:27'),
(32,'Benedict Carrillo','Lorem ipsum dolor sit amet, consectetuer adipiscing elit. Curabitur sed',2,'false','10.95',39,'23-08-2000','11:01:07','2013-05-28 14:45:03'),
(33,'Talon Stein','Lorem ipsum dolor sit amet, consectetuer adipiscing elit. Curabitur sed',4,'true','38.35',92,'03-06-2000','01:35:48','2003-01-08 03:31:22'),
(34,'Basil Tanner','Lorem ipsum dolor sit',1,'false','48.06',94,'03-11-2000','06:06:07','2015-03-16 02:46:40'),
(35,'Baker Mathis','Lorem',1,'true','63.59',33,'01-02-2000','07:19:55','2013-03-01 09:18:08'),
(36,'Cole Houston','Lorem ipsum dolor sit amet,',2,'false','31.47',63,'07-11-2000','12:28:51','2007-12-21 14:56:37'),
(37,'Dante Middleton','Lorem ipsum',3,'true','51.60',58,'05-07-2000','23:45:17','2003-02-27 20:52:50'),
(38,'Lev Colon','Lorem ipsum dolor sit amet, consectetuer',1,'false','63.25',60,'29-01-2000','21:24:23','2016-11-02 01:47:27'),
(39,'Thor Osborne','Lorem ipsum',4,'true','44.87',1,'04-06-2000','03:29:06','2004-07-02 15:28:37'),
(40,'Amos Gibbs','Lorem ipsum dolor sit amet, consectetuer adipiscing',1,'false','38.58',50,'09-01-2000','04:04:16','2001-07-03 14:56:32'),
(41,'Zachery Woodard','Lorem ipsum dolor sit amet,',1,'true','25.73',80,'05-03-2000','23:33:26','2001-11-23 14:06:32'),
(42,'Colt Vang','Lorem ipsum dolor',1,'false','97.01',10,'16-07-2000','19:24:35','2002-12-02 01:22:41'),
(43,'Zahir Fowler','Lorem ipsum dolor sit amet, consectetuer',3,'true','81.26',93,'13-01-2000','14:15:43','2004-11-20 07:43:27'),
(44,'Malcolm Cooper','Lorem ipsum dolor sit amet,',2,'false','23.22',95,'18-04-2000','14:58:35','2000-03-09 22:51:24'),
(45,'Reuben Workman','Lorem ipsum dolor sit amet, consectetuer',1,'true','82.33',92,'16-07-2000','12:12:32','2018-10-29 15:53:09'),
(46,'Valentine Britt','Lorem ipsum',2,'false','16.74',41,'20-10-2000','00:50:57','2012-09-09 10:07:50'),
(47,'Hall Gay','Lorem ipsum dolor sit amet, consectetuer adipiscing elit. Curabitur',1,'true','19.35',63,'24-09-2000','16:08:36','2003-07-28 21:06:00'),
(48,'Amir Crane','Lorem ipsum',3,'false','53.73',16,'08-08-2000','05:16:03','2005-02-28 04:42:35'),
(49,'Wyatt Dodson','Lorem ipsum dolor sit amet,',3,'true','85.77',91,'24-12-2000','22:27:47','2017-03-28 06:51:40'),
(50,'Chaney Pollard','Lorem ipsum dolor sit amet, consectetuer adipiscing elit.',2,'false','87.47',37,'13-10-2000','13:41:12','2007-05-05 16:40:59'),
(51,'Fritz Boone','Lorem ipsum dolor sit amet, consectetuer adipiscing elit.',4,'true','77.49',90,'03-05-2000','22:50:41','2000-04-18 12:35:12'),
(52,'Adam Slater','Lorem ipsum dolor sit amet, consectetuer adipiscing elit.',4,'false','98.17',2,'14-08-2000','20:38:11','2012-01-23 23:05:19'),
(53,'Andrew Wiggins','Lorem ipsum dolor sit amet, consectetuer',2,'true','82.38',9,'07-07-2000','01:03:08','2003-09-25 10:34:24'),
(54,'Melvin Calderon','Lorem ipsum dolor sit amet, consectetuer adipiscing elit.',1,'false','52.48',90,'24-07-2000','19:58:04','2003-08-31 20:21:04'),
(55,'Burke Witt','Lorem ipsum dolor',2,'true','46.14',79,'15-05-2000','10:10:54','2012-05-29 21:17:04'),
(56,'Owen Vargas','Lorem ipsum dolor sit amet,',4,'false','88.01',71,'08-06-2000','07:34:33','2003-12-11 10:21:54'),
(57,'Cairo Dudley','Lorem ipsum dolor sit',3,'true','72.09',22,'08-06-2000','14:19:35','2007-04-20 04:14:29'),
(58,'Wang Gentry','Lorem ipsum dolor sit amet, consectetuer adipiscing elit. Curabitur sed',4,'false','62.95',50,'07-09-2000','01:32:27','2002-01-10 07:44:52'),
(59,'Stuart Berg','Lorem ipsum dolor sit amet, consectetuer adipiscing elit.',2,'true','86.46',42,'16-06-2000','11:34:56','2010-02-02 03:02:23'),
(60,'Griffith Gallegos','Lorem ipsum dolor sit amet,',2,'false','28.11',69,'17-10-2000','04:53:51','2011-10-20 01:57:29'),
(61,'Caesar Riley','Lorem ipsum dolor sit',3,'true','21.28',71,'06-07-2000','08:18:48','2000-11-06 03:29:30'),
(62,'Nigel Booker','Lorem ipsum',2,'false','80.53',25,'02-12-2000','01:50:33','2002-09-03 18:16:50'),
(63,'Stone Bond','Lorem ipsum',3,'true','93.97',54,'13-07-2000','05:14:35','2010-03-08 12:35:37'),
(64,'Solomon Dawson','Lorem ipsum dolor sit amet, consectetuer adipiscing elit. Curabitur',3,'false','41.12',51,'01-09-2000','04:59:51','2005-04-20 04:48:26'),
(65,'Francis Richardson','Lorem ipsum dolor sit amet, consectetuer adipiscing elit. Curabitur',1,'true','10.35',13,'28-12-2000','15:44:55','2005-01-24 11:58:55'),
(66,'Barrett Joyner','Lorem ipsum dolor sit amet, consectetuer adipiscing elit.',4,'false','35.64',94,'18-03-2000','00:31:34','2013-12-03 03:57:44'),
(67,'Noble Morgan','Lorem ipsum dolor sit amet, consectetuer',2,'true','30.69',2,'06-08-2000','11:43:23','2009-05-03 06:01:42'),
(68,'Anthony Medina','Lorem ipsum dolor sit',4,'false','18.17',74,'16-03-2000','16:42:58','2012-03-21 07:29:16'),
(69,'Ethan Shelton','Lorem ipsum',3,'true','60.47',22,'02-02-2000','15:24:40','2007-08-17 06:01:12'),
(70,'Upton Peterson','Lorem ipsum dolor sit amet, consectetuer adipiscing elit.',1,'false','65.75',20,'20-12-2000','12:59:41','2000-02-08 11:03:06'),
(71,'Hu Marks','Lorem ipsum dolor sit amet,',1,'true','20.45',67,'18-12-2000','07:55:29','2019-11-05 12:59:28'),
(72,'Sebastian Barlow','Lorem ipsum dolor sit amet, consectetuer adipiscing elit. Curabitur',3,'false','91.78',46,'09-01-2000','01:58:21','2009-10-23 03:04:01'),
(73,'Porter Valencia','Lorem ipsum dolor',1,'true','68.77',6,'07-02-2000','12:03:17','2000-02-28 04:15:59'),
(74,'Cain Ford','Lorem ipsum dolor sit',3,'false','89.86',6,'29-09-2000','13:08:35','2014-10-20 09:54:17'),
(75,'Emerson Gilbert','Lorem ipsum dolor sit amet, consectetuer adipiscing elit.',1,'true','18.54',71,'31-08-2000','22:37:42','2007-08-08 02:37:29'),
(76,'Russell Lynch','Lorem ipsum dolor sit amet, consectetuer adipiscing elit.',4,'false','38.91',34,'11-12-2000','07:18:05','2002-05-08 17:55:48'),
(77,'Grant Bruce','Lorem ipsum dolor sit amet, consectetuer adipiscing elit. Curabitur',2,'true','42.15',77,'25-05-2000','14:55:05','2007-08-16 14:42:09'),
(78,'Curran Carr','Lorem ipsum',4,'false','41.06',1,'14-02-2000','10:10:16','2003-01-20 01:50:02'),
(79,'Ali Castillo','Lorem ipsum dolor sit amet, consectetuer adipiscing elit. Curabitur',1,'true','55.00',56,'20-09-2000','21:15:00','2001-11-28 11:13:53'),
(80,'Griffin Mckay','Lorem ipsum dolor sit amet, consectetuer adipiscing elit.',1,'false','23.88',25,'27-11-2000','13:20:34','2010-09-03 19:40:35'),
(81,'Brenden Cash','Lorem ipsum dolor',4,'true','10.88',23,'16-11-2000','16:09:54','2003-05-31 02:55:18'),
(82,'Vladimir Solis','Lorem ipsum',4,'false','76.65',78,'10-02-2000','18:51:07','2016-05-08 01:28:51'),
(83,'Keane Bryant','Lorem ipsum',3,'true','45.27',60,'07-01-2000','20:37:18','2007-07-27 20:29:49'),
(84,'Michael Cobb','Lorem ipsum dolor sit amet, consectetuer adipiscing elit. Curabitur sed',1,'false','84.42',71,'13-08-2000','22:26:01','2015-09-20 09:04:24'),
(85,'Leo Schmidt','Lorem ipsum',2,'true','14.33',2,'27-09-2000','18:43:21','2000-07-08 18:30:49'),
(86,'Griffith Riley','Lorem',3,'false','19.30',97,'04-05-2000','23:27:12','2011-04-01 22:57:21'),
(87,'Alden Dunlap','Lorem',1,'true','95.98',2,'17-01-2000','00:17:17','2006-05-28 13:22:36'),
(88,'Kenyon Wilkins','Lorem ipsum dolor sit amet, consectetuer adipiscing elit. Curabitur',4,'false','44.65',40,'26-11-2000','13:20:09','2002-09-08 16:29:27'),
(89,'Simon Gonzalez','Lorem ipsum dolor sit amet, consectetuer adipiscing elit. Curabitur',2,'true','78.23',46,'15-05-2000','04:34:48','2000-03-14 05:54:02'),
(90,'Xenos Phillips','Lorem ipsum dolor sit',2,'false','21.66',66,'12-11-2000','12:33:20','2019-10-13 22:33:31'),
(91,'Plato Velazquez','Lorem ipsum dolor sit amet, consectetuer adipiscing elit. Curabitur',2,'true','41.54',91,'13-12-2000','12:25:37','2014-11-17 19:27:05'),
(92,'Lucius Craft','Lorem ipsum dolor sit amet, consectetuer adipiscing',2,'false','25.85',35,'10-11-2000','23:20:52','2011-02-05 14:02:10'),
(93,'Armand Palmer','Lorem ipsum dolor sit amet,',2,'true','41.35',38,'26-02-2000','12:26:45','2001-09-12 12:09:00');

INSERT INTO complex2_detail VALUES ('0000000001',71,'Sebastian Reeves','Lorem ipsum dolor sit amet, consectetuer',4,'true','60.13',76,'13-11-2000','04:46:56','2006-10-06 16:56:58'),
('0000000002',47,'Jelani Henson','Lorem ipsum dolor',3,'false','82.10',72,'14-08-2000','23:58:01','2014-01-02 12:27:11'),
('0000000003',40,'Amal Potter','Lorem ipsum dolor sit amet, consectetuer',3,'true','27.47',60,'24-03-2000','06:12:33','2009-07-15 15:40:12'),
('0000000004',86,'Hoyt Combs','Lorem ipsum',2,'false','34.52',79,'01-03-2000','04:31:32','2011-01-05 01:44:55'),
('0000000005',68,'Driscoll Stephens','Lorem ipsum dolor sit amet, consectetuer adipiscing',4,'true','41.37',10,'30-05-2000','18:46:18','2017-07-20 06:10:19'),
('0000000006',29,'Ivor Blanchard','Lorem ipsum dolor sit',2,'false','73.13',92,'11-03-2000','05:10:27','2015-03-04 11:43:57'),
('0000000007',3,'Kuame Cantrell','Lorem ipsum dolor',3,'true','77.73',40,'16-12-2000','20:52:00','2002-11-19 22:27:27'),
('0000000008',19,'Honorato Macdonald','Lorem ipsum dolor sit amet, consectetuer adipiscing elit. Curabitur sed',3,'false','96.95',84,'02-06-2000','08:21:53','2005-12-24 15:26:10'),
('0000000009',69,'Julian Armstrong','Lorem ipsum dolor sit amet, consectetuer adipiscing elit.',1,'true','97.50',5,'17-05-2000','19:50:15','2016-06-04 20:31:13'),
('0000000010',11,'Herrod Joyner','Lorem ipsum dolor sit amet, consectetuer adipiscing elit. Curabitur',4,'false','92.95',16,'27-01-2000','09:57:42','2002-06-02 10:52:03'),
('0000000011',42,'Hasad Estrada','Lorem ipsum dolor sit amet, consectetuer adipiscing elit.',3,'true','15.78',18,'05-10-2000','03:12:24','2017-04-04 06:40:09'),
('0000000012',25,'Abraham Walter','Lorem',1,'false','64.78',26,'10-01-2000','06:29:07','2017-03-13 12:06:53'),
('0000000013',87,'Raja Johnston','Lorem ipsum dolor',4,'true','86.75',45,'04-11-2000','07:56:17','2007-12-14 06:56:36'),
('0000000014',61,'Murphy Shannon','Lorem',1,'false','16.51',100,'25-07-2000','21:56:13','2006-03-07 21:28:51'),
('0000000015',5,'Ira Dominguez','Lorem ipsum dolor sit',4,'true','34.09',86,'21-05-2000','00:27:59','2001-03-01 05:35:45'),
('0000000016',11,'William Riley','Lorem ipsum dolor sit amet,',3,'false','34.10',92,'13-03-2000','01:48:46','2010-05-26 02:01:48'),
('0000000017',40,'Kieran Ayala','Lorem ipsum dolor',1,'true','97.82',23,'10-05-2000','01:17:38','2015-02-24 13:01:28'),
('0000000018',73,'Barclay Trevino','Lorem ipsum dolor',4,'false','56.42',16,'15-08-2000','10:19:53','2016-01-10 06:08:32'),
('0000000019',10,'Timon Burt','Lorem ipsum dolor sit amet, consectetuer adipiscing elit. Curabitur sed',2,'true','94.26',10,'21-10-2000','00:57:14','2003-11-13 13:11:00'),
('0000000020',86,'Lawrence Morrison','Lorem ipsum dolor sit amet, consectetuer adipiscing elit. Curabitur',3,'false','13.98',1,'16-10-2000','02:20:30','2018-05-28 03:58:31'),
('0000000021',8,'Alan Crosby','Lorem ipsum dolor sit amet,',4,'true','44.78',29,'28-03-2000','22:18:33','2008-04-10 08:01:28'),
('0000000022',51,'Philip Lawson','Lorem ipsum dolor sit amet, consectetuer adipiscing elit.',3,'false','19.13',97,'27-11-2000','09:32:11','2015-08-10 21:22:31'),
('0000000023',47,'Marvin Marsh','Lorem ipsum dolor sit amet, consectetuer',4,'true','78.97',60,'07-10-2000','05:00:57','2013-10-19 02:01:28'),
('0000000024',83,'Damon Delaney','Lorem ipsum dolor sit amet, consectetuer',2,'false','20.99',11,'21-10-2000','13:04:50','2015-11-23 15:52:54'),
('0000000025',42,'Cullen Sherman','Lorem ipsum dolor',4,'true','65.57',64,'12-08-2000','14:51:47','2013-12-18 01:19:54'),
('0000000026',3,'Quentin Burks','Lorem ipsum',4,'false','42.49',72,'09-07-2000','08:26:26','2000-10-19 12:59:42'),
('0000000027',8,'Palmer Peters','Lorem ipsum dolor sit amet, consectetuer adipiscing',4,'true','31.28',79,'29-06-2000','19:16:48','2011-11-01 10:53:58'),
('0000000028',74,'Cameron Roberts','Lorem ipsum dolor sit amet, consectetuer adipiscing elit.',1,'false','30.78',89,'27-04-2000','02:10:54','2011-04-07 12:59:28'),
('0000000029',3,'Laith Ferguson','Lorem ipsum dolor',2,'true','48.16',39,'27-08-2000','15:25:38','2009-02-25 14:53:45'),
('0000000030',50,'Talon Horne','Lorem ipsum dolor sit amet,',3,'false','89.82',98,'09-06-2000','21:03:44','2012-02-19 17:40:04'),
('0000000031',44,'Russell Oliver','Lorem ipsum dolor sit amet, consectetuer adipiscing elit. Curabitur sed',4,'true','33.75',24,'27-02-2000','05:38:56','2000-03-24 08:11:12'),
('0000000032',8,'Kevin Cline','Lorem ipsum dolor sit amet, consectetuer',4,'false','98.11',68,'12-11-2000','22:48:05','2010-02-01 17:38:22'),
('0000000033',82,'Ulric Stephenson','Lorem ipsum dolor sit amet, consectetuer',2,'true','52.73',30,'11-03-2000','16:50:30','2004-09-25 19:11:46'),
('0000000034',56,'Burke Alvarez','Lorem ipsum',1,'false','93.63',38,'22-12-2000','16:41:46','2004-06-18 16:51:22'),
('0000000035',58,'Lawrence Santos','Lorem ipsum',3,'true','82.39',58,'14-06-2000','05:02:58','2012-02-09 00:48:20'),
('0000000036',6,'Kyle Fox','Lorem ipsum dolor sit amet, consectetuer',1,'false','74.38',45,'01-09-2000','16:32:16','2005-11-13 14:11:47'),
('0000000037',64,'Clark Gray','Lorem ipsum dolor sit',1,'true','46.14',65,'05-11-2000','01:47:38','2008-10-14 13:28:23'),
('0000000038',15,'Zahir Craig','Lorem ipsum dolor sit amet,',2,'false','24.71',27,'19-08-2000','03:15:15','2001-01-27 14:22:50'),
('0000000039',84,'Hiram Gill','Lorem',2,'true','59.73',1,'01-08-2000','17:22:17','2007-07-13 01:09:06'),
('0000000040',19,'Russell Taylor','Lorem ipsum dolor sit amet, consectetuer adipiscing elit. Curabitur',4,'false','39.77',87,'28-08-2000','09:55:51','2014-10-16 11:18:50'),
('0000000041',67,'Stewart Foreman','Lorem ipsum dolor',1,'true','78.86',52,'05-09-2000','08:03:10','2000-04-20 03:25:52'),
('0000000042',22,'Tad Mckenzie','Lorem',1,'false','20.81',58,'16-12-2000','21:57:00','2002-12-19 14:54:56'),
('0000000043',16,'Zephania Mullen','Lorem ipsum dolor sit amet, consectetuer adipiscing elit.',4,'true','66.62',48,'28-10-2000','23:10:12','2015-09-21 04:58:42'),
('0000000044',77,'Colorado Casey','Lorem ipsum dolor sit amet,',1,'false','27.80',91,'28-01-2000','13:12:59','2013-04-27 00:23:51'),
('0000000045',52,'Merritt Villarreal','Lorem ipsum dolor sit amet, consectetuer adipiscing',4,'true','29.06',94,'30-07-2000','19:31:25','2012-07-25 20:02:44'),
('0000000046',46,'Nash Bond','Lorem ipsum dolor sit amet,',2,'false','29.80',28,'04-06-2000','05:51:02','2013-02-17 09:53:08'),
('0000000047',50,'Avram Mcintyre','Lorem ipsum dolor sit amet, consectetuer',2,'true','13.68',88,'22-01-2000','01:17:48','2014-10-11 06:35:31'),
('0000000048',57,'Troy Garcia','Lorem ipsum',2,'false','69.49',34,'15-07-2000','02:07:23','2006-12-16 22:51:45'),
('0000000049',37,'Evan Durham','Lorem ipsum dolor sit amet, consectetuer adipiscing elit.',1,'true','18.06',15,'31-12-2000','08:11:40','2015-12-01 04:32:51'),
('0000000050',2,'Alden Blevins','Lorem',3,'false','49.39',51,'18-06-2000','04:39:05','2016-08-11 01:07:44'),
('0000000051',35,'Adam Gibbs','Lorem ipsum dolor sit amet, consectetuer adipiscing elit.',1,'true','51.51',92,'31-01-2000','13:20:09','2010-08-04 08:21:09'),
('0000000052',14,'Wade Mercado','Lorem ipsum dolor sit amet,',3,'false','92.27',11,'25-04-2000','08:13:04','2002-09-11 01:41:00'),
('0000000053',4,'Kyle Moran','Lorem ipsum dolor',2,'true','17.83',88,'19-09-2000','10:13:12','2006-12-15 10:57:14'),
('0000000054',57,'Christian Weaver','Lorem ipsum dolor sit amet,',2,'false','23.07',1,'25-03-2000','03:09:46','2015-12-06 15:18:29'),
('0000000055',84,'Carlos Peters','Lorem',4,'true','15.59',86,'07-11-2000','19:38:54','2018-09-21 00:48:40'),
('0000000056',7,'Griffith Mann','Lorem ipsum dolor sit amet, consectetuer adipiscing elit. Curabitur sed',1,'false','41.08',59,'17-02-2000','10:53:18','2018-05-07 04:10:56'),
('0000000057',12,'Charles Michael','Lorem ipsum dolor sit amet,',1,'true','83.09',21,'30-05-2000','07:27:33','2009-10-08 07:18:37'),
('0000000058',9,'Acton Lowery','Lorem ipsum dolor sit amet,',1,'false','29.73',87,'13-09-2000','12:45:28','2016-11-14 21:55:21'),
('0000000059',82,'Lawrence Puckett','Lorem ipsum dolor sit amet,',3,'true','84.22',68,'24-11-2000','09:17:15','2008-12-19 05:40:03'),
('0000000060',77,'Armando Norman','Lorem ipsum',1,'false','51.41',51,'18-09-2000','11:05:34','2018-09-27 04:18:00'),
('0000000061',22,'Tyler Meyers','Lorem ipsum dolor sit amet, consectetuer adipiscing',2,'true','23.38',56,'23-03-2000','14:02:01','2007-05-22 20:51:43'),
('0000000062',75,'Tarik Hayes','Lorem ipsum dolor sit amet, consectetuer adipiscing elit. Curabitur sed',2,'false','65.43',47,'26-09-2000','09:19:23','2006-03-20 04:39:38'),
('0000000063',35,'Hammett Hendricks','Lorem ipsum dolor sit amet, consectetuer adipiscing elit. Curabitur',4,'true','69.41',71,'02-03-2000','11:44:10','2012-08-24 14:37:23'),
('0000000064',65,'Blake Goodwin','Lorem ipsum dolor sit amet, consectetuer adipiscing elit. Curabitur sed',1,'false','25.12',60,'14-05-2000','11:00:27','2006-11-30 04:36:28'),
('0000000065',26,'Beck Chavez','Lorem ipsum dolor sit',1,'true','34.33',54,'24-02-2000','00:05:27','2000-01-24 05:25:57'),
('0000000066',31,'Gregory Fields','Lorem ipsum dolor',1,'false','89.59',93,'18-02-2000','20:04:25','2005-06-14 12:52:24'),
('0000000067',37,'August Hewitt','Lorem ipsum dolor',2,'true','17.49',3,'12-07-2000','17:35:58','2017-06-22 14:47:06'),
('0000000068',46,'Ferdinand Pate','Lorem ipsum dolor sit amet, consectetuer adipiscing elit.',2,'false','67.78',22,'14-06-2000','01:43:38','2014-02-22 19:15:56'),
('0000000069',77,'Christopher Lowe','Lorem',1,'true','61.26',75,'06-07-2000','04:04:24','2013-10-16 23:32:33'),
('0000000070',32,'Bradley Shelton','Lorem',2,'false','93.11',3,'05-11-2000','10:19:03','2009-05-20 09:38:49'),
('0000000071',61,'Travis Brennan','Lorem ipsum dolor sit amet, consectetuer adipiscing elit. Curabitur sed',2,'true','52.80',50,'02-06-2000','16:18:28','2004-12-26 18:21:51'),
('0000000072',22,'Arden Horton','Lorem ipsum dolor sit amet, consectetuer adipiscing elit.',2,'false','88.55',17,'28-12-2000','09:08:12','2004-06-05 06:25:18'),
('0000000073',45,'Oren Singleton','Lorem ipsum dolor sit amet,',2,'true','56.43',80,'17-10-2000','16:45:53','2017-08-17 05:00:29'),
('0000000074',14,'John Hall','Lorem ipsum dolor sit amet, consectetuer',4,'false','48.19',49,'12-09-2000','16:10:41','2005-08-27 23:08:30'),
('0000000075',36,'Stephen Joyce','Lorem ipsum dolor sit amet, consectetuer adipiscing elit.',4,'true','75.20',31,'15-10-2000','05:33:49','2016-01-17 00:30:17'),
('0000000076',48,'Chadwick Walters','Lorem ipsum dolor',3,'false','24.74',52,'23-05-2000','04:14:01','2005-03-16 05:59:12'),
('0000000077',79,'Kermit Barnett','Lorem ipsum dolor',4,'true','10.26',4,'15-11-2000','19:07:00','2012-08-22 14:29:52'),
('0000000078',89,'Neil Graves','Lorem ipsum dolor',4,'false','73.92',58,'13-03-2000','10:41:14','2018-09-14 14:35:55'),
('0000000079',45,'Lyle Sheppard','Lorem ipsum dolor sit',4,'true','49.76',50,'09-01-2000','02:31:08','2018-09-05 12:55:58'),
('0000000080',49,'Chaim Bridges','Lorem ipsum dolor sit amet, consectetuer adipiscing',4,'false','74.15',2,'28-03-2000','13:58:06','2016-06-30 08:24:21'),
('0000000081',90,'Steel Ratliff','Lorem ipsum dolor sit amet,',1,'true','37.74',86,'15-08-2000','19:54:34','2010-09-26 12:05:26'),
('0000000082',16,'Jeremy Copeland','Lorem ipsum dolor sit amet,',3,'false','84.58',35,'31-01-2000','19:40:46','2000-07-03 15:50:10'),
('0000000083',5,'Raphael Swanson','Lorem ipsum dolor sit',1,'true','85.45',41,'04-07-2000','20:47:55','2018-09-21 08:51:22'),
('0000000084',23,'Benjamin Robbins','Lorem ipsum dolor sit amet, consectetuer adipiscing elit. Curabitur',2,'false','35.01',36,'16-03-2000','11:02:33','2013-11-13 22:26:06'),
('0000000085',18,'Ivor Sampson','Lorem ipsum dolor sit amet, consectetuer adipiscing elit. Curabitur sed',2,'true','16.48',27,'15-12-2000','01:46:35','2016-05-31 01:54:11'),
('0000000086',73,'Palmer York','Lorem ipsum dolor sit amet, consectetuer adipiscing elit. Curabitur sed',2,'false','42.21',73,'23-08-2000','09:56:23','2005-07-21 05:32:11'),
('0000000087',73,'Dorian Coffey','Lorem ipsum dolor sit amet, consectetuer',3,'true','78.01',32,'14-04-2000','16:41:31','2001-04-25 10:08:53'),
('0000000088',2,'Hayes Lowery','Lorem ipsum',3,'false','72.73',14,'23-09-2000','15:53:07','2004-09-29 02:44:25'),
('0000000089',69,'Berk Hoover','Lorem ipsum dolor sit',1,'true','88.34',78,'22-12-2000','08:22:05','2014-11-16 04:30:06'),
('0000000090',59,'Fritz Logan','Lorem ipsum dolor sit amet, consectetuer adipiscing',3,'false','95.80',20,'16-07-2000','15:21:15','2002-08-15 03:52:46'),
('0000000091',26,'Marvin Carrillo','Lorem ipsum dolor sit amet, consectetuer adipiscing',3,'true','70.83',30,'20-09-2000','22:26:09','2019-04-04 04:13:01'),
('0000000092',66,'Isaac Hess','Lorem ipsum dolor sit amet, consectetuer adipiscing elit.',3,'false','29.55',67,'12-04-2000','01:20:49','2009-10-26 05:34:44'),
('0000000093',84,'Bruno Mcfarland','Lorem ipsum',1,'true','78.86',94,'19-05-2000','11:43:45','2008-05-17 21:47:45'),
('0000000094',60,'Mannix Davis','Lorem ipsum dolor sit amet, consectetuer adipiscing',1,'false','79.69',25,'29-07-2000','12:46:43','2003-11-25 06:29:23'),
('0000000095',61,'Arden Emerson','Lorem ipsum dolor sit amet, consectetuer adipiscing elit. Curabitur',2,'true','51.91',80,'28-08-2000','05:28:56','2014-12-27 14:28:21'),
('0000000096',44,'Brenden Harris','Lorem',1,'false','57.87',73,'28-01-2000','02:10:42','2001-08-24 09:20:01'),
('0000000097',65,'Xanthus Robertson','Lorem ipsum dolor sit amet, consectetuer adipiscing',2,'true','21.48',52,'25-05-2000','17:00:01','2001-12-24 05:33:12'),
('0000000098',12,'Burton Washington','Lorem ipsum dolor sit',4,'false','42.44',97,'30-12-2000','03:17:27','2006-08-19 06:49:31'),
('0000000099',65,'Mohammad Thornton','Lorem',3,'true','21.46',4,'22-12-2000','10:32:27','2006-07-04 17:11:56'),
('0000000100',43,'Xenos Albert','Lorem ipsum dolor sit amet, consectetuer adipiscing elit. Curabitur',2,'false','56.02',70,'04-08-2000','01:19:52','2001-04-21 01:47:24'),
('0000000101',86,'Macon Mueller','Lorem ipsum dolor sit amet, consectetuer adipiscing',4,'true','81.99',60,'04-03-2000','05:23:18','2011-02-22 20:32:43'),
('0000000102',60,'Ralph Guzman','Lorem ipsum dolor',4,'false','78.41',10,'30-03-2000','19:26:47','2005-11-14 15:44:40'),
('0000000103',80,'Roth Vaughn','Lorem ipsum',4,'true','62.91',89,'08-03-2000','07:21:04','2017-11-18 05:17:36'),
('0000000104',18,'Brenden Payne','Lorem ipsum',3,'false','71.90',68,'10-07-2000','17:47:53','2012-01-16 10:27:16'),
('0000000105',49,'Tobias Thornton','Lorem ipsum dolor sit amet, consectetuer adipiscing elit. Curabitur',3,'true','94.32',67,'06-10-2000','18:41:22','2016-02-13 00:48:44'),
('0000000106',79,'Lucian Sellers','Lorem ipsum dolor sit amet, consectetuer adipiscing elit. Curabitur sed',4,'false','43.15',93,'29-08-2000','19:10:24','2012-06-16 08:04:36'),
('0000000107',45,'Tate Frye','Lorem ipsum dolor sit',1,'true','30.52',34,'01-05-2000','14:57:51','2002-06-09 20:36:55'),
('0000000108',78,'Jasper Cantu','Lorem',1,'false','93.61',85,'08-09-2000','15:04:08','2005-06-02 00:44:59'),
('0000000109',36,'Erich Rosales','Lorem',2,'true','42.94',4,'24-09-2000','04:25:59','2010-03-04 18:48:02'),
('0000000110',73,'Phillip Fischer','Lorem ipsum dolor sit amet,',2,'false','95.89',23,'10-12-2000','08:44:03','2017-08-14 14:47:54'),
('0000000111',2,'Sylvester Stout','Lorem ipsum dolor sit',3,'true','58.79',76,'04-10-2000','16:12:46','2014-06-10 15:46:58'),
('0000000112',38,'Tucker Coleman','Lorem ipsum dolor sit amet, consectetuer adipiscing elit. Curabitur',1,'false','79.23',47,'10-05-2000','01:19:53','2000-07-07 00:55:43'),
('0000000113',46,'Cade Walls','Lorem ipsum dolor sit amet,',1,'true','49.53',56,'11-10-2000','09:49:05','2015-07-17 07:24:31'),
('0000000114',36,'Cooper Kim','Lorem ipsum dolor sit amet, consectetuer adipiscing elit. Curabitur',2,'false','53.62',24,'05-04-2000','05:58:31','2009-08-11 01:24:56'),
('0000000115',50,'Ryan Gilliam','Lorem ipsum',4,'true','10.74',43,'13-07-2000','22:52:40','2008-12-18 04:22:51'),
('0000000116',33,'Tiger Mccoy','Lorem',4,'false','20.33',31,'02-03-2000','14:28:50','2017-05-04 08:23:46'),
('0000000117',78,'Jordan Cox','Lorem ipsum dolor',4,'true','89.82',30,'10-01-2000','17:59:35','2001-01-29 06:48:14'),
('0000000118',70,'Andrew Booth','Lorem',3,'false','54.65',7,'04-06-2000','16:52:07','2002-07-18 14:22:08'),
('0000000119',87,'Jordan Melton','Lorem ipsum dolor sit amet, consectetuer',1,'true','40.73',5,'25-06-2000','15:20:06','2002-03-06 17:13:05'),
('0000000120',24,'Hall Decker','Lorem ipsum',4,'false','45.84',71,'24-11-2000','03:31:55','2011-05-05 17:35:45'),
('0000000121',25,'Addison Arnold','Lorem ipsum dolor sit amet, consectetuer',4,'true','10.06',78,'10-05-2000','12:03:43','2011-06-11 18:15:32'),
('0000000122',26,'Dean Olsen','Lorem ipsum',1,'false','72.25',17,'02-06-2000','01:17:12','2005-05-03 20:39:36'),
('0000000123',66,'Reece Workman','Lorem ipsum dolor sit amet, consectetuer adipiscing',4,'true','39.68',62,'18-07-2000','04:35:50','2002-05-13 16:34:08'),
('0000000124',27,'Kermit Tucker','Lorem ipsum dolor sit amet, consectetuer adipiscing elit.',3,'false','68.37',69,'04-03-2000','23:14:04','2000-11-01 16:12:36'),
('0000000125',49,'Dustin Beasley','Lorem',3,'true','91.93',58,'10-09-2000','08:47:21','2006-12-21 22:22:50'),
('0000000126',23,'Dennis Grimes','Lorem ipsum dolor sit amet, consectetuer adipiscing elit.',2,'false','16.90',5,'25-05-2000','18:54:49','2005-04-07 18:14:49'),
('0000000127',79,'Clinton Houston','Lorem ipsum dolor sit amet, consectetuer',1,'true','70.20',64,'19-05-2000','04:07:49','2016-04-20 05:29:14'),
('0000000128',35,'Beck Preston','Lorem ipsum dolor sit amet, consectetuer adipiscing elit. Curabitur sed',3,'false','86.26',70,'11-03-2000','16:45:23','2015-01-29 17:00:03'),
('0000000129',25,'Acton Tyson','Lorem ipsum dolor sit amet, consectetuer adipiscing elit.',4,'true','94.24',2,'07-03-2000','18:04:19','2004-07-29 19:42:43'),
('0000000130',13,'Brian Freeman','Lorem ipsum dolor sit amet, consectetuer adipiscing elit.',1,'false','87.66',43,'23-09-2000','10:16:48','2018-09-25 19:16:46'),
('0000000131',63,'Quinn Leblanc','Lorem ipsum dolor sit amet, consectetuer adipiscing elit. Curabitur sed',4,'true','34.62',12,'27-08-2000','11:46:40','2011-01-10 19:28:00'),
('0000000132',89,'Merritt Osborn','Lorem ipsum dolor sit amet, consectetuer adipiscing',4,'false','55.04',55,'26-01-2000','19:12:01','2002-03-26 18:37:52'),
('0000000133',64,'George Stuart','Lorem ipsum dolor sit amet, consectetuer adipiscing elit. Curabitur',1,'true','51.34',98,'28-08-2000','19:24:03','2001-03-01 02:52:26'),
('0000000134',38,'Kenyon Blake','Lorem ipsum dolor',3,'false','57.31',71,'14-08-2000','02:30:12','2019-01-09 22:07:15'),
('0000000135',7,'Chase Carpenter','Lorem ipsum dolor',3,'true','58.04',25,'18-09-2000','10:56:54','2012-11-15 16:17:02'),
('0000000136',6,'Francis Caldwell','Lorem ipsum dolor sit amet, consectetuer adipiscing',1,'false','72.81',88,'09-08-2000','06:54:40','2018-09-03 14:16:15'),
('0000000137',60,'Upton York','Lorem ipsum dolor sit amet, consectetuer',3,'true','88.18',64,'28-07-2000','23:06:46','2001-02-28 18:25:44'),
('0000000138',61,'Damian Velasquez','Lorem ipsum dolor sit amet, consectetuer adipiscing elit.',2,'false','61.40',92,'10-04-2000','22:10:32','2009-03-17 23:38:50'),
('0000000139',43,'Fletcher Nixon','Lorem',2,'true','36.67',71,'28-10-2000','13:14:43','2000-12-21 03:37:02'),
('0000000140',54,'Rajah Castillo','Lorem ipsum dolor sit amet, consectetuer adipiscing elit.',4,'false','16.23',28,'14-11-2000','20:07:57','2005-08-18 22:39:04'),
('0000000141',14,'Ulysses Rich','Lorem ipsum dolor sit amet,',4,'true','60.27',11,'26-03-2000','03:41:31','2012-10-11 16:51:36'),
('0000000142',45,'Giacomo Palmer','Lorem ipsum dolor',2,'false','83.28',60,'12-03-2000','19:54:10','2017-01-13 12:48:23'),
('0000000143',20,'Coby Diaz','Lorem ipsum dolor sit amet, consectetuer adipiscing elit. Curabitur sed',4,'true','54.14',61,'06-07-2000','11:58:35','2017-12-13 16:20:34'),
('0000000144',68,'Jameson Grant','Lorem ipsum dolor sit amet, consectetuer adipiscing elit.',2,'false','10.13',10,'07-06-2000','21:04:31','2004-11-18 08:59:54'),
('0000000145',90,'Carl Dominguez','Lorem ipsum dolor sit',3,'true','53.94',84,'22-09-2000','07:24:18','2009-09-01 07:16:06'),
('0000000146',27,'Barrett Floyd','Lorem ipsum dolor sit amet, consectetuer adipiscing',4,'false','98.39',29,'20-12-2000','16:34:18','2016-07-20 07:57:29'),
('0000000147',46,'Emerson Hopper','Lorem ipsum dolor sit amet, consectetuer adipiscing',3,'true','89.26',62,'08-11-2000','05:25:59','2019-11-20 10:21:21'),
('0000000148',11,'Silas Mitchell','Lorem ipsum dolor sit amet, consectetuer',2,'false','92.31',76,'15-07-2000','22:32:53','2019-06-17 05:51:17'),
('0000000149',9,'Gage Barton','Lorem ipsum dolor',4,'true','55.31',46,'10-07-2000','04:22:43','2002-06-30 10:57:44'),
('0000000150',23,'Logan Davidson','Lorem ipsum dolor sit amet, consectetuer adipiscing elit.',4,'false','29.67',92,'21-02-2000','17:42:36','2010-07-06 23:45:44'),
('0000000151',14,'Kyle Vinson','Lorem ipsum dolor sit amet, consectetuer',3,'true','93.16',58,'14-04-2000','04:33:31','2001-02-09 19:07:04'),
('0000000152',69,'Kennan Holden','Lorem ipsum dolor sit amet, consectetuer adipiscing elit. Curabitur',3,'false','58.04',2,'05-08-2000','10:40:31','2018-08-21 19:26:32'),
('0000000153',67,'Herrod Fleming','Lorem ipsum',3,'true','77.89',91,'17-08-2000','13:04:31','2002-08-05 07:17:34'),
('0000000154',7,'Jameson Barnett','Lorem ipsum dolor sit amet,',3,'false','28.43',70,'04-04-2000','10:51:52','2011-02-04 21:26:59'),
('0000000155',14,'Bruno Copeland','Lorem ipsum dolor sit amet, consectetuer',3,'true','77.26',15,'04-05-2000','00:33:55','2006-01-27 04:43:13'),
('0000000156',79,'Elton Obrien','Lorem ipsum dolor sit amet, consectetuer adipiscing elit. Curabitur',4,'false','18.65',88,'26-05-2000','10:01:41','2015-01-28 16:57:48'),
('0000000157',3,'Trevor Bruce','Lorem ipsum dolor sit',1,'true','90.76',39,'25-02-2000','23:57:12','2006-01-21 09:09:20'),
('0000000158',41,'Price Berg','Lorem ipsum dolor sit amet, consectetuer',4,'false','50.56',87,'25-01-2000','00:01:19','2000-08-26 20:55:37'),
('0000000159',59,'Hedley Kinney','Lorem ipsum dolor sit amet, consectetuer adipiscing elit. Curabitur',2,'true','34.20',73,'04-05-2000','01:42:25','2011-03-23 00:25:33'),
('0000000160',48,'Damon Noble','Lorem ipsum dolor',2,'false','45.80',31,'22-02-2000','15:10:47','2003-03-05 06:45:16'),
('0000000161',49,'Fletcher Clay','Lorem ipsum dolor sit amet, consectetuer adipiscing',1,'true','10.91',48,'27-12-2000','22:25:01','2001-04-10 21:08:43'),
('0000000162',72,'Garrett Brady','Lorem ipsum dolor',2,'false','82.40',71,'09-09-2000','08:12:16','2009-11-08 15:15:02'),
('0000000163',70,'Jonah Lowery','Lorem ipsum dolor sit amet, consectetuer adipiscing elit. Curabitur sed',2,'true','93.54',76,'22-04-2000','08:25:54','2003-04-22 06:04:56'),
('0000000164',22,'Elton English','Lorem ipsum dolor',4,'false','14.60',86,'04-03-2000','05:10:49','2002-08-14 21:23:32'),
('0000000165',81,'Henry Alvarez','Lorem ipsum dolor sit amet, consectetuer adipiscing',3,'true','72.89',83,'31-08-2000','13:42:28','2005-07-26 20:51:54'),
('0000000166',78,'Tobias Leblanc','Lorem ipsum dolor sit amet, consectetuer adipiscing elit.',3,'false','69.07',77,'09-06-2000','18:42:45','2013-09-03 09:49:07'),
('0000000167',67,'Noble Freeman','Lorem ipsum dolor sit amet, consectetuer adipiscing elit.',4,'true','77.91',34,'14-07-2000','08:00:15','2012-06-27 16:21:19'),
('0000000168',20,'Colby Newton','Lorem ipsum dolor',4,'false','14.46',16,'25-07-2000','22:00:48','2013-08-06 09:27:32'),
('0000000169',42,'Talon Jones','Lorem ipsum',1,'true','82.00',38,'27-01-2000','12:34:57','2014-07-09 20:57:02'),
('0000000170',21,'Baxter Lyons','Lorem ipsum dolor sit amet, consectetuer adipiscing elit. Curabitur',3,'false','78.63',70,'23-06-2000','12:30:03','2012-03-10 13:36:59'),
('0000000171',21,'Rooney Logan','Lorem ipsum dolor sit amet, consectetuer adipiscing elit.',4,'true','76.47',82,'17-10-2000','05:06:01','2003-04-01 03:58:52'),
('0000000172',43,'Hyatt Robinson','Lorem ipsum dolor sit amet, consectetuer',2,'false','22.92',84,'29-10-2000','01:04:25','2014-10-19 12:25:23'),
('0000000173',13,'Rooney Valdez','Lorem ipsum dolor',1,'true','72.52',10,'29-11-2000','11:22:38','2018-01-13 14:02:59'),
('0000000174',46,'Damon Garrison','Lorem ipsum dolor sit amet, consectetuer adipiscing',2,'false','55.49',46,'20-01-2000','01:15:18','2004-09-12 14:32:54'),
('0000000175',22,'Brent Austin','Lorem ipsum',2,'true','80.94',51,'03-09-2000','23:03:42','2000-09-11 19:24:25'),
('0000000176',27,'Duncan Solomon','Lorem ipsum dolor sit amet, consectetuer adipiscing elit. Curabitur sed',2,'false','92.26',3,'06-02-2000','06:36:59','2001-10-13 20:28:50'),
('0000000177',57,'Linus Pate','Lorem ipsum dolor sit amet, consectetuer adipiscing elit. Curabitur',4,'true','55.66',85,'25-07-2000','23:09:49','2018-07-12 03:25:39'),
('0000000178',8,'Arsenio Mcgowan','Lorem ipsum dolor sit',2,'false','43.31',34,'02-09-2000','09:58:24','2003-09-10 06:52:11'),
('0000000179',56,'William Tran','Lorem ipsum dolor',3,'true','81.56',69,'12-09-2000','13:27:39','2009-12-11 10:24:00'),
('0000000180',67,'Bevis Stevens','Lorem ipsum dolor sit amet, consectetuer adipiscing elit.',1,'false','34.51',5,'02-09-2000','18:05:31','2001-11-05 15:45:32'),
('0000000181',19,'Davis Cabrera','Lorem ipsum',3,'true','73.63',100,'10-04-2000','03:09:20','2006-10-17 17:05:00'),
('0000000182',1,'Kaseem Gibbs','Lorem ipsum dolor sit amet, consectetuer',2,'false','83.40',3,'04-02-2000','11:56:58','2010-07-20 08:59:40'),
('0000000183',63,'Ferdinand Dorsey','Lorem ipsum dolor sit amet, consectetuer adipiscing elit. Curabitur',4,'true','44.26',7,'02-11-2000','08:09:38','2017-01-14 15:26:10'),
('0000000184',20,'Honorato Lott','Lorem',2,'false','44.44',13,'27-02-2000','04:32:35','2001-10-12 21:01:12'),
('0000000185',3,'Dennis Fulton','Lorem ipsum dolor sit amet, consectetuer adipiscing elit. Curabitur sed',1,'true','71.16',12,'04-04-2000','00:44:46','2015-02-17 08:11:06'),
('0000000186',84,'Edward Newman','Lorem ipsum dolor sit amet, consectetuer adipiscing elit.',3,'false','48.25',2,'11-05-2000','10:54:55','2013-02-15 12:05:27'),
('0000000187',1,'Gregory Mueller','Lorem ipsum dolor sit amet, consectetuer adipiscing elit. Curabitur',2,'true','72.57',95,'11-10-2000','11:08:15','2013-10-26 07:08:41'),
('0000000188',66,'Curran Baird','Lorem ipsum dolor',1,'false','21.70',12,'07-11-2000','12:07:34','2001-04-21 16:35:31'),
('0000000189',23,'Elijah Gray','Lorem ipsum dolor sit',2,'true','58.26',84,'15-01-2000','11:10:47','2008-07-03 18:32:38'),
('0000000190',19,'Sawyer Grant','Lorem ipsum dolor sit amet, consectetuer adipiscing elit. Curabitur sed',2,'false','29.79',57,'13-08-2000','20:57:01','2007-04-10 05:01:10'),
('0000000191',60,'Allistair Wilder','Lorem ipsum dolor sit amet, consectetuer adipiscing elit. Curabitur',4,'true','84.21',33,'03-12-2000','13:09:22','2008-10-27 11:45:19'),
('0000000192',62,'Ezra Young','Lorem ipsum',2,'false','94.62',44,'30-05-2000','04:28:03','2013-11-22 23:14:35'),
('0000000193',64,'Emerson Harmon','Lorem ipsum dolor sit',4,'true','55.14',67,'01-01-2000','15:22:51','2014-01-12 04:21:51'),
('0000000194',28,'Hector Hahn','Lorem ipsum dolor sit amet, consectetuer adipiscing elit. Curabitur sed',4,'false','17.21',45,'10-09-2000','06:58:13','2012-06-02 16:53:33'),
('0000000195',39,'Jonas Warren','Lorem ipsum dolor',2,'true','39.53',2,'28-04-2000','03:09:24','2012-12-13 01:08:09'),
('0000000196',16,'Branden Benson','Lorem ipsum dolor sit amet, consectetuer adipiscing',3,'false','18.56',37,'13-03-2000','07:56:22','2009-05-07 08:01:44'),
('0000000197',65,'Isaiah Joseph','Lorem ipsum dolor sit amet, consectetuer adipiscing elit. Curabitur sed',3,'true','60.99',91,'26-10-2000','23:54:03','2016-11-05 02:22:20'),
('0000000198',25,'Amos Washington','Lorem ipsum dolor sit amet, consectetuer adipiscing elit.',4,'false','35.29',100,'10-09-2000','06:12:34','2008-10-26 16:07:04'),
('0000000199',17,'Sylvester Pace','Lorem ipsum dolor sit amet, consectetuer adipiscing elit. Curabitur sed',1,'true','19.66',53,'17-07-2000','16:21:15','2017-12-20 21:07:41'),
('0000000200',6,'Thor Levy','Lorem ipsum',4,'false','75.39',47,'27-02-2000','16:32:32','2008-10-10 16:02:30');

INSERT INTO complex2_detail2 VALUES ('0000000001',16,'Stuart Kane','Lorem ipsum',3,'true','18.31',91,'22-02-2000','08:04:29','2012-09-05 14:52:13'),
('0000000002',68,'Walter Mullen','Lorem ipsum dolor sit amet,',4,'false','31.93',9,'27-04-2000','00:05:00','2004-10-27 01:47:41'),
('0000000003',11,'Vaughan Malone','Lorem ipsum dolor sit amet, consectetuer adipiscing elit. Curabitur sed',4,'true','75.77',76,'14-01-2000','09:14:55','2002-07-09 11:06:48'),
('0000000004',42,'Allen Kirkland','Lorem ipsum dolor sit amet, consectetuer',3,'false','49.34',97,'08-01-2000','21:49:39','2010-05-13 11:36:49'),
('0000000005',48,'Hilel Salazar','Lorem ipsum dolor sit amet,',1,'true','82.58',31,'11-08-2000','10:37:26','2016-01-30 08:55:33'),
('0000000006',69,'Buckminster Melton','Lorem ipsum dolor sit amet, consectetuer',1,'false','69.34',65,'11-02-2000','13:58:14','2000-06-09 09:34:18'),
('0000000007',75,'Eagan Mendez','Lorem ipsum dolor sit amet, consectetuer adipiscing',1,'true','68.77',82,'29-08-2000','23:18:58','2007-08-05 11:03:58'),
('0000000008',13,'Salvador Jimenez','Lorem ipsum dolor sit amet,',3,'false','95.86',4,'19-06-2000','21:08:48','2006-03-31 18:23:51'),
('0000000009',15,'Nash Sharp','Lorem ipsum dolor sit amet, consectetuer adipiscing elit.',3,'true','25.96',81,'16-02-2000','10:26:05','2008-09-10 18:58:17'),
('0000000010',51,'Thaddeus Mckee','Lorem ipsum dolor sit amet, consectetuer adipiscing elit. Curabitur sed',1,'false','31.45',55,'16-12-2000','12:06:43','2010-10-15 19:03:03'),
('0000000011',38,'Gannon Burks','Lorem ipsum dolor sit amet, consectetuer adipiscing elit. Curabitur sed',2,'true','56.80',55,'29-06-2000','15:46:10','2016-05-15 13:00:46'),
('0000000012',12,'Thor Valdez','Lorem ipsum dolor sit amet,',3,'false','55.86',27,'26-06-2000','06:43:05','2019-01-26 23:37:35'),
('0000000013',22,'Lewis Snider','Lorem ipsum dolor sit amet, consectetuer adipiscing elit. Curabitur sed',3,'true','12.06',77,'19-01-2000','05:32:07','2004-10-25 18:46:45'),
('0000000014',54,'Trevor Holcomb','Lorem ipsum dolor sit amet, consectetuer adipiscing elit.',2,'false','58.82',58,'16-03-2000','18:31:11','2000-06-28 18:07:00'),
('0000000015',14,'Vernon Eaton','Lorem ipsum dolor sit',2,'true','45.31',40,'19-04-2000','06:07:07','2019-11-08 07:09:21'),
('0000000016',49,'Howard Thomas','Lorem',1,'false','78.80',13,'16-06-2000','06:55:01','2011-05-24 14:18:54'),
('0000000017',38,'Caldwell Baldwin','Lorem',1,'true','81.69',53,'25-09-2000','02:29:18','2017-02-18 16:49:08'),
('0000000018',26,'Sylvester Ruiz','Lorem ipsum dolor sit amet, consectetuer adipiscing elit. Curabitur sed',4,'false','51.17',37,'25-11-2000','03:01:58','2014-04-12 12:45:31'),
('0000000019',38,'Luke Le','Lorem ipsum dolor sit amet, consectetuer adipiscing',4,'true','51.94',20,'23-02-2000','12:10:36','2006-03-19 15:44:42'),
('0000000020',12,'Kasimir Hines','Lorem ipsum dolor sit amet, consectetuer adipiscing elit. Curabitur',2,'false','43.46',53,'10-09-2000','08:33:16','2000-03-11 08:56:09'),
('0000000021',41,'Gareth Tucker','Lorem ipsum dolor sit amet, consectetuer adipiscing',1,'true','74.48',38,'24-03-2000','17:27:10','2007-02-13 11:57:29'),
('0000000022',53,'Fuller Lawson','Lorem ipsum dolor',4,'false','38.58',79,'03-07-2000','21:56:52','2019-11-14 17:41:54'),
('0000000023',77,'Bruno Ballard','Lorem ipsum dolor sit amet, consectetuer adipiscing elit. Curabitur sed',2,'true','82.37',76,'23-08-2000','00:05:32','2002-04-20 12:03:40'),
('0000000024',11,'Arden Kline','Lorem ipsum dolor',1,'false','11.16',94,'18-05-2000','17:14:30','2001-08-22 02:20:42'),
('0000000025',80,'Brody Lancaster','Lorem ipsum dolor sit amet, consectetuer',3,'true','36.47',12,'02-04-2000','10:45:37','2018-02-10 12:42:45'),
('0000000026',33,'Gil Gilbert','Lorem ipsum dolor sit amet, consectetuer adipiscing',3,'false','55.24',8,'31-03-2000','05:50:28','2003-02-04 23:32:57'),
('0000000027',2,'Julian Garrison','Lorem ipsum dolor sit amet, consectetuer',1,'true','71.29',92,'05-11-2000','13:44:40','2018-04-17 02:53:33'),
('0000000028',87,'Amos Maynard','Lorem ipsum',1,'false','86.44',49,'21-02-2000','20:35:47','2006-10-16 16:08:59'),
('0000000029',53,'Upton Head','Lorem ipsum dolor sit amet, consectetuer adipiscing elit.',3,'true','94.96',25,'26-03-2000','18:50:37','2000-07-01 15:49:03'),
('0000000030',87,'Arsenio Foley','Lorem ipsum dolor sit amet, consectetuer adipiscing elit.',1,'false','76.48',56,'02-05-2000','18:10:43','2008-11-25 14:06:01'),
('0000000031',3,'Kenneth Fields','Lorem ipsum dolor',1,'true','33.06',9,'22-10-2000','04:25:59','2003-07-12 20:12:33'),
('0000000032',8,'Wyatt Perry','Lorem',3,'false','43.19',35,'19-12-2000','08:53:08','2001-12-28 16:40:31'),
('0000000033',79,'Jesse Cross','Lorem ipsum dolor sit amet, consectetuer adipiscing',1,'true','17.68',54,'14-11-2000','03:48:02','2012-06-25 11:35:33'),
('0000000034',80,'Michael Santana','Lorem ipsum dolor sit amet, consectetuer adipiscing elit.',1,'false','30.18',18,'04-11-2000','21:26:23','2004-02-29 02:00:31'),
('0000000035',16,'Peter Davenport','Lorem ipsum dolor sit amet, consectetuer adipiscing elit. Curabitur',4,'true','64.84',85,'28-01-2000','02:08:50','2004-03-16 21:58:40'),
('0000000036',70,'Dominic Yates','Lorem ipsum dolor sit amet, consectetuer adipiscing elit. Curabitur sed',2,'false','39.76',44,'27-11-2000','03:44:21','2011-06-05 08:47:43'),
('0000000037',85,'Joseph Hobbs','Lorem',4,'true','91.50',50,'28-03-2000','09:21:57','2011-03-18 12:20:51'),
('0000000038',4,'Slade Pena','Lorem ipsum dolor sit amet,',2,'false','36.14',71,'27-07-2000','04:38:00','2019-11-23 22:01:18'),
('0000000039',16,'Randall Horton','Lorem ipsum dolor sit amet, consectetuer',2,'true','53.80',32,'13-04-2000','09:00:49','2006-09-08 18:57:10'),
('0000000040',87,'Baxter Nichols','Lorem ipsum dolor sit amet, consectetuer adipiscing elit. Curabitur',4,'false','38.77',70,'27-01-2000','15:23:15','2019-06-15 08:43:14'),
('0000000041',20,'Paki Ingram','Lorem ipsum dolor',1,'true','97.67',71,'27-09-2000','19:44:10','2004-03-26 10:56:59'),
('0000000042',76,'Ian Byers','Lorem ipsum dolor sit amet, consectetuer adipiscing elit. Curabitur sed',2,'false','88.92',88,'19-07-2000','06:33:27','2001-01-24 18:08:08'),
('0000000043',84,'Ignatius Acosta','Lorem ipsum',1,'true','50.44',25,'24-04-2000','02:19:06','2015-12-12 10:45:11'),
('0000000044',85,'Tate Odonnell','Lorem ipsum dolor sit amet, consectetuer adipiscing elit. Curabitur',3,'false','75.78',72,'31-05-2000','03:03:12','2006-11-15 16:49:17'),
('0000000045',11,'Jameson Riggs','Lorem ipsum dolor sit amet, consectetuer adipiscing elit. Curabitur',2,'true','85.53',5,'19-04-2000','20:30:08','2016-10-20 13:59:37'),
('0000000046',28,'Erasmus Floyd','Lorem ipsum dolor sit amet,',4,'false','53.64',87,'30-10-2000','11:30:26','2011-11-26 08:53:04'),
('0000000047',38,'William Cole','Lorem ipsum',3,'true','68.09',85,'30-08-2000','02:07:43','2002-11-05 21:29:17'),
('0000000048',11,'Cairo Meyer','Lorem ipsum dolor sit amet, consectetuer adipiscing',4,'false','44.47',65,'16-08-2000','20:06:23','2001-08-03 14:37:15'),
('0000000049',2,'Lee Good','Lorem ipsum dolor',2,'true','61.38',2,'20-01-2000','07:27:33','2008-09-16 00:32:24'),
('0000000050',86,'Finn Sweeney','Lorem ipsum',1,'false','27.42',76,'14-10-2000','15:06:19','2000-07-13 13:04:17'),
('0000000051',55,'Zephania Conway','Lorem ipsum dolor',2,'true','69.85',88,'20-04-2000','03:49:43','2002-03-26 07:12:42'),
('0000000052',27,'Felix Clark','Lorem ipsum dolor sit amet, consectetuer adipiscing',1,'false','91.36',58,'18-03-2000','04:59:10','2002-07-13 03:49:50'),
('0000000053',18,'Brent Galloway','Lorem ipsum',4,'true','37.31',36,'24-11-2000','02:20:00','2015-01-19 14:43:51'),
('0000000054',34,'Caldwell Waters','Lorem ipsum dolor sit amet, consectetuer adipiscing',1,'false','77.13',69,'05-06-2000','16:50:29','2011-07-16 22:57:21'),
('0000000055',90,'Lewis Atkinson','Lorem ipsum dolor sit amet, consectetuer adipiscing',1,'true','59.23',28,'11-04-2000','02:47:40','2013-03-05 02:37:42'),
('0000000056',30,'Murphy Christian','Lorem ipsum dolor',4,'false','47.86',9,'05-04-2000','13:31:08','2007-12-30 23:54:42'),
('0000000057',64,'Myles Martinez','Lorem ipsum dolor sit',1,'true','83.65',24,'20-07-2000','04:41:15','2008-09-08 06:58:58'),
('0000000058',79,'Dale Ferrell','Lorem',4,'false','17.35',43,'26-07-2000','10:15:38','2012-04-01 10:32:18'),
('0000000059',7,'Channing Gibson','Lorem ipsum dolor sit amet, consectetuer',2,'true','64.84',59,'02-04-2000','12:13:24','2011-12-21 02:20:04'),
('0000000060',9,'Hu Marsh','Lorem ipsum dolor sit',2,'false','55.34',14,'27-12-2000','04:13:48','2004-11-15 18:27:06'),
('0000000061',59,'Holmes Levine','Lorem ipsum dolor sit amet, consectetuer',1,'true','83.04',29,'09-05-2000','18:03:57','2004-01-21 03:31:48'),
('0000000062',17,'Cedric Carey','Lorem ipsum dolor sit amet,',4,'false','69.67',74,'31-10-2000','01:46:47','2014-12-15 00:19:33'),
('0000000063',64,'Warren Vincent','Lorem ipsum dolor sit amet, consectetuer adipiscing',1,'true','65.61',5,'11-11-2000','16:24:36','2002-10-11 06:14:51'),
('0000000064',66,'Austin Anthony','Lorem ipsum dolor sit amet, consectetuer adipiscing elit.',3,'false','46.89',16,'08-08-2000','16:55:40','2015-08-27 18:14:50'),
('0000000065',68,'Lewis Flowers','Lorem ipsum dolor sit amet, consectetuer adipiscing elit.',3,'true','14.91',33,'16-02-2000','12:56:48','2012-12-03 00:46:59'),
('0000000066',45,'Nathan Powers','Lorem ipsum dolor sit amet, consectetuer adipiscing elit.',1,'false','46.13',54,'22-04-2000','12:28:50','2018-11-01 01:17:53'),
('0000000067',57,'Addison Deleon','Lorem',4,'true','79.42',45,'02-04-2000','03:42:59','2003-01-16 16:24:49'),
('0000000068',12,'Wang Johnson','Lorem ipsum dolor sit',2,'false','45.96',47,'05-11-2000','11:50:21','2001-12-13 10:25:38'),
('0000000069',45,'Harper Booker','Lorem ipsum dolor sit amet,',1,'true','31.94',57,'10-03-2000','23:46:51','2017-05-26 18:22:37'),
('0000000070',60,'Kadeem Sutton','Lorem ipsum',3,'false','24.69',10,'01-12-2000','18:29:05','2016-06-06 11:11:55'),
('0000000071',37,'Wing Garcia','Lorem',4,'true','23.65',19,'21-12-2000','08:05:50','2003-09-04 07:30:46'),
('0000000072',82,'Michael Becker','Lorem',3,'false','38.48',90,'17-05-2000','04:41:18','2004-04-02 10:54:39'),
('0000000073',41,'Allistair Carter','Lorem',1,'true','16.03',29,'07-02-2000','23:14:31','2011-01-08 05:51:53'),
('0000000074',56,'Knox Bonner','Lorem ipsum dolor sit amet, consectetuer adipiscing',3,'false','81.62',28,'24-01-2000','17:00:34','2018-09-08 03:51:31'),
('0000000075',51,'Lucas Newton','Lorem ipsum dolor sit amet, consectetuer adipiscing',1,'true','69.08',84,'31-07-2000','17:34:06','2009-04-18 01:21:49'),
('0000000076',28,'Ross Wall','Lorem ipsum dolor sit',3,'false','55.77',17,'10-09-2000','04:59:00','2002-08-17 19:24:49'),
('0000000077',8,'Lance Vinson','Lorem ipsum dolor sit amet, consectetuer adipiscing',3,'true','25.87',11,'12-09-2000','17:03:09','2001-03-29 18:18:43'),
('0000000078',33,'Ryder Little','Lorem ipsum dolor sit',1,'false','68.43',41,'12-10-2000','16:24:21','2013-06-03 21:40:01'),
('0000000079',51,'Xanthus Mcfadden','Lorem ipsum dolor sit amet,',2,'true','79.77',28,'19-06-2000','15:38:57','2002-02-17 13:51:07'),
('0000000080',2,'Jerry Hyde','Lorem',4,'false','11.46',93,'23-03-2000','00:02:10','2004-02-03 14:25:41'),
('0000000081',35,'Elvis Conway','Lorem ipsum dolor sit amet, consectetuer adipiscing',1,'true','66.20',57,'14-12-2000','13:54:01','2019-01-05 05:53:06'),
('0000000082',77,'Clark Monroe','Lorem ipsum dolor sit',1,'false','10.57',11,'15-03-2000','10:44:02','2014-10-13 10:28:30'),
('0000000083',88,'Christopher Spence','Lorem ipsum dolor sit',1,'true','88.22',79,'20-03-2000','18:50:48','2012-05-09 21:40:02'),
('0000000084',10,'Peter Simpson','Lorem ipsum dolor sit amet, consectetuer',3,'false','39.56',27,'10-09-2000','06:14:01','2013-10-13 03:25:03'),
('0000000085',10,'Abraham Pitts','Lorem ipsum dolor',3,'true','82.66',37,'25-09-2000','20:32:01','2017-09-18 05:04:59'),
('0000000086',36,'Hayden Coleman','Lorem ipsum dolor sit amet, consectetuer adipiscing',2,'false','42.03',26,'14-11-2000','17:04:55','2009-02-10 08:06:06'),
('0000000087',23,'Nigel Santana','Lorem ipsum dolor sit amet, consectetuer adipiscing elit. Curabitur',4,'true','69.07',86,'13-07-2000','15:24:35','2019-02-16 09:27:12'),
('0000000088',17,'Stewart Huff','Lorem ipsum',2,'false','96.15',86,'06-04-2000','21:06:50','2015-11-21 14:35:36'),
('0000000089',87,'Graham Lyons','Lorem ipsum dolor sit amet, consectetuer adipiscing elit. Curabitur sed',1,'true','49.75',82,'26-09-2000','14:46:37','2015-09-09 01:04:31'),
('0000000090',56,'Tobias Wood','Lorem ipsum dolor sit amet, consectetuer adipiscing',3,'false','24.38',79,'12-11-2000','12:57:20','2013-11-17 07:58:37'),
('0000000091',15,'Cooper Henson','Lorem ipsum dolor sit amet, consectetuer adipiscing elit.',4,'true','98.08',84,'15-12-2000','17:24:39','2019-11-01 00:44:13'),
('0000000092',31,'Erasmus Best','Lorem ipsum',2,'false','10.43',9,'29-03-2000','09:14:23','2012-11-01 03:52:21'),
('0000000093',4,'Josiah Merrill','Lorem ipsum dolor sit amet,',1,'true','81.04',15,'21-12-2000','08:54:39','2005-02-22 11:59:36'),
('0000000094',39,'David Mckee','Lorem ipsum dolor sit amet, consectetuer',1,'false','23.80',76,'03-05-2000','13:59:43','2000-12-07 08:04:46'),
('0000000095',22,'Ryder Mays','Lorem ipsum dolor sit amet, consectetuer adipiscing',3,'true','28.19',24,'28-12-2000','12:33:33','2014-02-03 14:27:32'),
('0000000096',58,'Randall Riddle','Lorem ipsum dolor sit amet,',3,'false','48.09',18,'16-05-2000','08:22:17','2008-10-09 21:41:59'),
('0000000097',1,'Bevis Bowen','Lorem ipsum dolor sit amet, consectetuer adipiscing',3,'true','97.70',92,'22-11-2000','04:50:09','2010-07-17 00:45:36'),
('0000000098',10,'Jerome Rice','Lorem ipsum dolor sit',1,'false','19.35',66,'27-11-2000','10:18:03','2014-11-18 11:08:49'),
('0000000099',32,'Zane Washington','Lorem ipsum dolor sit amet, consectetuer',3,'true','36.72',87,'18-05-2000','00:03:48','2016-11-11 12:55:33'),
('0000000100',39,'Hayden Pace','Lorem ipsum dolor',4,'false','33.10',19,'20-08-2000','02:28:36','2006-05-29 10:18:40'),
('0000000101',1,'Yasir Walker','Lorem ipsum dolor sit amet, consectetuer adipiscing elit. Curabitur',2,'true','42.55',5,'06-01-2000','08:07:43','2019-04-06 12:22:08'),
('0000000102',37,'Ivor Nelson','Lorem',3,'false','74.40',32,'02-01-2000','12:07:30','2018-08-17 17:28:42'),
('0000000103',45,'Preston Barton','Lorem ipsum',3,'true','83.29',34,'01-02-2000','08:55:40','2000-11-17 11:41:01'),
('0000000104',52,'Patrick Blankenship','Lorem',1,'false','27.33',48,'07-09-2000','03:11:47','2013-10-21 21:04:22'),
('0000000105',60,'Anthony May','Lorem ipsum dolor sit amet,',1,'true','85.22',13,'19-04-2000','23:10:15','2013-03-06 02:12:47'),
('0000000106',20,'Nero Drake','Lorem ipsum',2,'false','37.40',29,'02-07-2000','03:31:05','2016-07-26 07:55:00'),
('0000000107',27,'Tobias Jimenez','Lorem ipsum dolor sit amet,',4,'true','55.82',4,'06-09-2000','19:30:47','2012-02-16 02:54:48'),
('0000000108',76,'Byron Jacobson','Lorem ipsum dolor sit amet, consectetuer adipiscing elit. Curabitur',4,'false','16.09',33,'10-07-2000','19:47:50','2018-09-08 14:27:52'),
('0000000109',80,'Ryan Jacobs','Lorem ipsum dolor sit amet, consectetuer',1,'true','78.83',15,'08-05-2000','07:12:52','2014-02-12 01:58:05'),
('0000000110',66,'Channing Shelton','Lorem ipsum dolor sit amet,',1,'false','52.38',36,'26-05-2000','21:51:50','2004-08-17 08:24:10'),
('0000000111',28,'Todd Atkinson','Lorem',1,'true','74.63',48,'08-08-2000','02:06:50','2005-05-03 13:19:08'),
('0000000112',23,'Craig Santana','Lorem ipsum dolor sit amet,',4,'false','70.27',1,'23-03-2000','17:01:03','2017-10-19 02:44:48'),
('0000000113',82,'Josiah Carrillo','Lorem ipsum dolor sit amet, consectetuer adipiscing elit. Curabitur',3,'true','78.50',86,'31-10-2000','15:07:38','2001-03-03 20:26:32'),
('0000000114',48,'Silas Bentley','Lorem ipsum',3,'false','55.60',93,'01-02-2000','14:40:46','2011-04-23 19:54:15'),
('0000000115',87,'Kennedy Thompson','Lorem ipsum dolor sit amet, consectetuer adipiscing elit. Curabitur sed',4,'true','69.26',84,'21-11-2000','14:46:17','2001-08-31 21:48:33'),
('0000000116',5,'Philip Herrera','Lorem ipsum dolor sit amet,',1,'false','75.88',54,'03-01-2000','23:16:41','2008-11-06 03:00:25'),
('0000000117',70,'Lewis Roberson','Lorem ipsum dolor sit amet, consectetuer adipiscing elit.',1,'true','64.37',33,'13-03-2000','16:51:22','2007-02-09 22:42:08'),
('0000000118',79,'Octavius Carson','Lorem ipsum dolor',2,'false','96.12',32,'05-12-2000','11:21:58','2011-08-14 05:42:03'),
('0000000119',8,'Allen Robinson','Lorem ipsum dolor sit amet, consectetuer',4,'true','85.39',32,'01-09-2000','21:12:56','2001-08-16 01:10:46'),
('0000000120',62,'Lawrence Porter','Lorem ipsum dolor sit amet, consectetuer',3,'false','94.69',46,'12-08-2000','09:49:35','2000-09-17 11:14:20'),
('0000000121',37,'Kenyon Vinson','Lorem ipsum dolor',3,'true','38.05',2,'31-07-2000','09:12:27','2011-12-30 07:53:41'),
('0000000122',67,'Vladimir Mendez','Lorem ipsum',4,'false','43.78',63,'16-11-2000','20:18:59','2017-04-06 16:00:19'),
('0000000123',88,'Harper Massey','Lorem ipsum',1,'true','80.64',35,'21-06-2000','22:47:06','2000-07-08 18:37:32'),
('0000000124',77,'Nasim Durham','Lorem ipsum dolor sit amet, consectetuer adipiscing',4,'false','90.41',56,'17-12-2000','13:34:48','2005-06-06 08:47:29'),
('0000000125',21,'Kadeem Molina','Lorem ipsum dolor sit amet, consectetuer adipiscing elit. Curabitur',2,'true','62.81',83,'28-08-2000','06:32:56','2011-04-05 17:27:10'),
('0000000126',63,'Nasim Galloway','Lorem ipsum dolor sit amet, consectetuer adipiscing',1,'false','99.52',28,'26-11-2000','23:24:13','2004-07-16 06:34:36'),
('0000000127',84,'Malcolm Riddle','Lorem ipsum dolor',1,'true','14.99',90,'07-01-2000','20:46:02','2004-10-22 08:24:16'),
('0000000128',57,'Jonah Coffey','Lorem',1,'false','30.91',51,'07-12-2000','21:06:10','2005-07-14 06:51:59'),
('0000000129',64,'Cullen Fox','Lorem ipsum dolor sit amet,',2,'true','57.55',58,'17-06-2000','11:23:05','2005-04-29 00:33:51'),
('0000000130',38,'Daniel Lowery','Lorem ipsum dolor sit amet, consectetuer adipiscing',3,'false','46.57',3,'03-02-2000','12:54:44','2007-07-13 11:45:32'),
('0000000131',86,'Ahmed Chavez','Lorem ipsum dolor sit amet, consectetuer',3,'true','91.00',7,'30-07-2000','18:13:28','2016-06-21 00:26:15'),
('0000000132',50,'Quinn Farmer','Lorem ipsum dolor sit amet, consectetuer adipiscing elit.',3,'false','97.66',31,'10-03-2000','11:23:47','2003-09-22 22:04:03'),
('0000000133',16,'Barrett Jordan','Lorem ipsum dolor sit',3,'true','11.06',68,'09-11-2000','08:28:21','2002-05-27 18:55:41'),
('0000000134',54,'Kato Stevens','Lorem ipsum dolor sit amet,',2,'false','38.89',99,'12-06-2000','03:25:22','2010-01-12 08:51:37'),
('0000000135',88,'Quentin Mack','Lorem ipsum dolor sit amet, consectetuer adipiscing elit. Curabitur',4,'true','56.29',40,'22-10-2000','06:03:39','2018-10-16 15:30:45'),
('0000000136',34,'Fitzgerald Wyatt','Lorem ipsum dolor sit amet, consectetuer adipiscing',2,'false','76.88',58,'22-05-2000','08:51:45','2011-02-24 17:29:27'),
('0000000137',78,'Jakeem Ruiz','Lorem ipsum dolor sit amet, consectetuer adipiscing',2,'true','56.08',16,'10-08-2000','09:12:20','2010-09-09 07:11:44'),
('0000000138',49,'Edward Holden','Lorem ipsum dolor sit amet, consectetuer adipiscing',3,'false','68.70',56,'24-09-2000','15:58:01','2013-07-08 06:02:41'),
('0000000139',74,'Denton Daniel','Lorem',3,'true','87.58',74,'22-02-2000','06:24:33','2019-08-30 08:19:21'),
('0000000140',1,'Keith Morin','Lorem ipsum dolor sit amet, consectetuer adipiscing elit. Curabitur sed',1,'false','26.16',52,'15-06-2000','17:01:46','2017-03-20 10:08:30'),
('0000000141',55,'Ahmed Drake','Lorem',4,'true','10.39',14,'10-03-2000','19:23:19','2001-02-23 12:35:49'),
('0000000142',5,'Trevor Hanson','Lorem ipsum dolor sit amet, consectetuer',3,'false','36.29',89,'30-10-2000','19:52:11','2006-08-28 04:56:44'),
('0000000143',60,'Ethan Garza','Lorem ipsum dolor sit amet, consectetuer',4,'true','98.62',75,'18-07-2000','22:00:47','2018-01-09 06:48:06'),
('0000000144',1,'Colorado Bond','Lorem ipsum dolor sit amet, consectetuer adipiscing elit.',3,'false','71.14',10,'14-06-2000','20:52:34','2011-05-10 14:15:34'),
('0000000145',86,'Garth Ramos','Lorem ipsum dolor sit amet,',4,'true','18.10',78,'08-11-2000','16:04:57','2019-05-19 18:35:03'),
('0000000146',27,'Brady Mcintosh','Lorem ipsum dolor sit amet, consectetuer adipiscing elit. Curabitur',1,'false','38.73',17,'25-07-2000','02:45:55','2002-10-15 09:31:53'),
('0000000147',48,'Griffin Simon','Lorem ipsum',3,'true','48.08',23,'14-07-2000','20:10:25','2019-12-31 16:17:12'),
('0000000148',53,'Alec Patton','Lorem ipsum dolor sit amet, consectetuer adipiscing elit. Curabitur',2,'false','65.91',22,'25-03-2000','07:00:11','2006-09-05 03:09:40'),
('0000000149',54,'Aidan Barnes','Lorem ipsum dolor sit amet, consectetuer adipiscing elit. Curabitur',2,'true','42.01',74,'22-11-2000','01:41:21','2002-02-24 08:00:43'),
('0000000150',1,'Zachery Harris','Lorem ipsum dolor',2,'false','95.10',91,'03-08-2000','09:59:02','2012-07-20 14:08:43'),
('0000000151',51,'Ulric Lott','Lorem ipsum dolor',3,'true','19.03',64,'14-01-2000','01:51:46','2015-04-18 06:14:08'),
('0000000152',33,'Rigel Simpson','Lorem ipsum dolor sit amet, consectetuer adipiscing elit.',4,'false','19.25',62,'20-05-2000','02:12:03','2005-10-22 04:47:25'),
('0000000153',53,'Dieter Ellis','Lorem',4,'true','79.29',27,'26-11-2000','17:04:13','2011-01-17 21:33:00'),
('0000000154',42,'Brody Henson','Lorem',4,'false','85.11',50,'08-01-2000','05:46:58','2014-09-17 21:01:52'),
('0000000155',75,'Jelani Haley','Lorem ipsum dolor',2,'true','49.88',71,'15-01-2000','00:58:55','2014-10-30 14:13:47'),
('0000000156',83,'Declan Middleton','Lorem ipsum dolor',2,'false','53.53',4,'13-12-2000','20:25:16','2014-05-08 20:32:33'),
('0000000157',53,'Kevin Ewing','Lorem ipsum dolor sit amet,',2,'true','91.05',98,'17-04-2000','00:44:14','2005-03-28 22:16:09'),
('0000000158',45,'Aladdin Elliott','Lorem ipsum dolor sit',3,'false','98.94',15,'12-12-2000','16:52:39','2015-07-28 01:16:17'),
('0000000159',76,'Valentine Schneider','Lorem ipsum dolor sit amet,',3,'true','66.64',89,'21-07-2000','04:38:36','2013-04-10 05:21:53'),
('0000000160',67,'Mark Waller','Lorem',3,'false','67.52',68,'17-04-2000','09:51:40','2017-06-26 05:58:31'),
('0000000161',58,'Travis Dodson','Lorem ipsum dolor',4,'true','80.78',78,'10-08-2000','17:50:21','2015-12-24 18:27:16'),
('0000000162',64,'Fuller Anderson','Lorem',1,'false','72.35',2,'15-03-2000','08:33:06','2006-07-28 19:50:09'),
('0000000163',69,'Luke Cohen','Lorem',2,'true','87.66',63,'21-06-2000','03:16:47','2001-08-14 06:57:51'),
('0000000164',17,'Donovan Fulton','Lorem ipsum dolor sit amet, consectetuer adipiscing',1,'false','60.89',84,'04-01-2000','21:42:23','2017-01-12 12:17:17'),
('0000000165',60,'Reed Simmons','Lorem ipsum dolor sit amet,',4,'true','94.25',66,'12-03-2000','20:43:28','2000-10-13 10:28:52'),
('0000000166',11,'Drew Bryant','Lorem ipsum',4,'false','84.94',59,'13-12-2000','03:22:47','2005-04-14 06:18:23'),
('0000000167',39,'Hilel Beck','Lorem ipsum dolor sit amet, consectetuer adipiscing elit.',3,'true','88.72',52,'07-04-2000','01:18:13','2011-09-21 17:30:34'),
('0000000168',12,'Mason Roy','Lorem ipsum dolor sit amet, consectetuer',2,'false','27.04',67,'05-02-2000','08:06:30','2010-12-10 18:43:44'),
('0000000169',54,'Herman Campbell','Lorem ipsum dolor sit amet,',1,'true','56.86',68,'17-01-2000','11:02:01','2018-01-06 07:35:56'),
('0000000170',10,'Stone Benjamin','Lorem ipsum dolor sit amet, consectetuer adipiscing elit.',1,'false','97.45',75,'17-04-2000','04:59:46','2004-12-16 02:30:33'),
('0000000171',21,'Steven Lindsay','Lorem ipsum dolor',1,'true','86.23',47,'07-12-2000','21:05:39','2006-07-12 11:17:30'),
('0000000172',21,'Harding Noble','Lorem ipsum dolor sit amet, consectetuer',4,'false','68.03',59,'13-12-2000','20:12:22','2001-04-21 17:28:52'),
('0000000173',71,'Beau Cameron','Lorem ipsum dolor sit amet, consectetuer',4,'true','64.84',17,'04-07-2000','09:07:16','2015-11-16 13:12:59'),
('0000000174',58,'Hall Burgess','Lorem ipsum',1,'false','39.15',53,'20-04-2000','14:20:56','2014-12-17 14:46:18'),
('0000000175',14,'Quinn Byers','Lorem ipsum dolor sit amet, consectetuer adipiscing elit. Curabitur',3,'true','72.42',36,'29-04-2000','10:19:33','2003-09-16 22:54:40'),
('0000000176',4,'Yardley Stein','Lorem ipsum dolor sit',4,'false','46.87',28,'11-05-2000','21:30:16','2007-07-26 06:49:50'),
('0000000177',82,'Phelan Scott','Lorem ipsum dolor sit amet, consectetuer adipiscing elit.',1,'true','91.92',82,'16-11-2000','14:22:16','2000-12-29 04:29:07'),
('0000000178',83,'Octavius Morse','Lorem ipsum dolor sit',3,'false','84.02',28,'27-04-2000','15:54:57','2000-12-05 17:14:12'),
('0000000179',83,'Nolan Strickland','Lorem',4,'true','77.06',67,'30-03-2000','18:44:30','2009-09-28 08:52:41'),
('0000000180',33,'Justin Owens','Lorem ipsum dolor sit amet, consectetuer adipiscing elit. Curabitur',3,'false','33.58',56,'16-10-2000','08:51:43','2011-09-22 08:40:27'),
('0000000181',54,'Lee Vaughan','Lorem ipsum dolor',3,'true','42.01',89,'06-10-2000','09:44:30','2006-02-13 14:03:45'),
('0000000182',26,'Carlos Harrington','Lorem ipsum dolor sit',3,'false','74.63',37,'06-05-2000','03:34:04','2014-09-02 22:05:32'),
('0000000183',60,'Eagan Daniels','Lorem ipsum dolor sit amet, consectetuer adipiscing',3,'true','93.22',8,'20-03-2000','14:28:47','2016-08-31 07:30:49'),
('0000000184',44,'Garrison Acosta','Lorem ipsum dolor sit amet,',1,'false','20.89',63,'26-11-2000','00:12:03','2002-05-19 06:50:52'),
('0000000185',26,'Lucius Stephens','Lorem ipsum dolor sit amet, consectetuer adipiscing elit. Curabitur',3,'true','68.95',7,'14-11-2000','18:19:55','2003-05-31 21:51:27'),
('0000000186',54,'Dolan Valentine','Lorem ipsum dolor sit amet, consectetuer adipiscing',1,'false','98.26',97,'17-06-2000','11:07:43','2019-07-05 01:45:53'),
('0000000187',44,'Fuller Mullins','Lorem ipsum dolor sit amet, consectetuer',2,'true','68.13',15,'15-04-2000','05:41:18','2015-08-19 02:11:12'),
('0000000188',8,'Dexter Lester','Lorem',1,'false','33.85',33,'17-02-2000','10:12:14','2016-12-14 03:49:20'),
('0000000189',83,'Hunter Hewitt','Lorem ipsum dolor sit amet, consectetuer adipiscing elit. Curabitur sed',4,'true','65.33',54,'18-08-2000','00:35:28','2019-06-01 13:22:58'),
('0000000190',23,'Steel Cotton','Lorem ipsum dolor sit amet, consectetuer adipiscing elit.',4,'false','95.43',42,'22-06-2000','11:26:18','2015-11-21 06:13:42'),
('0000000191',55,'Macon Ratliff','Lorem ipsum dolor sit amet, consectetuer adipiscing elit. Curabitur sed',3,'true','25.98',54,'06-09-2000','18:18:17','2011-08-25 15:41:08'),
('0000000192',73,'Cullen Moran','Lorem ipsum dolor',1,'false','84.81',43,'09-01-2000','06:03:02','2010-06-14 07:17:05'),
('0000000193',73,'Duncan Contreras','Lorem ipsum',4,'true','91.19',75,'19-11-2000','06:28:30','2000-07-31 00:58:23'),
('0000000194',88,'Jonas Velasquez','Lorem ipsum dolor sit amet, consectetuer',4,'false','30.88',70,'28-02-2000','07:59:59','2005-06-14 20:47:21'),
('0000000195',17,'Berk Flynn','Lorem ipsum dolor sit amet, consectetuer adipiscing',4,'true','89.65',92,'08-02-2000','16:12:45','2005-09-29 19:49:49'),
('0000000196',30,'Elijah Crawford','Lorem ipsum dolor sit amet, consectetuer adipiscing elit. Curabitur',3,'false','89.30',93,'06-05-2000','10:00:23','2009-02-14 02:01:35'),
('0000000197',81,'Ivor Good','Lorem',4,'true','85.12',83,'23-06-2000','03:25:18','2001-05-14 20:53:40'),
('0000000198',10,'Roth Allison','Lorem ipsum dolor sit amet, consectetuer adipiscing',1,'false','73.17',82,'31-03-2000','23:27:17','2018-12-12 23:58:39'),
('0000000199',83,'Jackson Rocha','Lorem',1,'true','11.45',4,'23-01-2000','16:06:54','2013-02-15 03:55:10'),
('0000000200',37,'Price Gallagher','Lorem',4,'false','14.33',97,'08-04-2000','14:38:17','2012-08-01 02:04:10');

INSERT INTO original_members VALUES (1,'Colette Holden','2011-11-01 17:20:38',5),
(2,'Scarlet Chen','2017-05-22 19:43:57',5),
(3,'Elijah Meyer','2010-10-09 19:43:56',5),
(4,'Ima Dominguez','2010-12-12 23:01:02',1),
(5,'Melvin Carlson','2013-03-08 17:41:21',3),
(6,'Lilah Duke','2010-03-08 08:03:51',5),
(7,'Xander Gilbert','2019-08-24 00:29:55',3),
(8,'Jana Shaw','2015-10-11 17:50:10',3),
(9,'Salvador Bishop','2016-05-24 06:56:22',1),
(10,'Cheryl Jefferson','2016-10-30 12:51:52',5),
(11,'Sacha Hogan','2012-02-12 21:09:57',4),
(12,'Hasad Green','2011-02-04 16:01:53',5),
(13,'Neil Davenport','2016-02-01 22:15:16',5),
(14,'Abigail Neal','2012-12-06 22:44:06',2),
(15,'Sara Griffin','2012-12-02 19:21:56',5),
(16,'Devin Fischer','2015-05-18 10:05:03',2),
(17,'Steel Joseph','2019-10-11 03:09:18',3),
(18,'Lev Collins','2014-02-14 16:22:02',4),
(19,'Tad Hernandez','2019-09-03 07:14:28',5),
(20,'Stacy Elliott','2013-10-14 03:49:15',4),
(21,'Daquan Downs','2015-01-23 22:28:43',2),
(22,'Finn Dotson','2013-05-06 03:02:32',5),
(23,'Ifeoma Jensen','2014-10-08 06:48:53',4),
(24,'Avram Perez','2016-05-21 03:03:17',1),
(25,'Lester Roman','2015-11-18 20:50:09',2),
(26,'Dylan Rosario','2011-12-12 14:56:02',3),
(27,'Sade Sherman','2010-08-28 18:49:56',4),
(28,'Bell Hardin','2012-09-07 00:49:14',1),
(29,'Kerry Schultz','2019-02-07 00:08:30',4),
(30,'Aquila Jacobson','2016-03-26 19:41:00',1),
(31,'Gannon Riddle','2010-02-02 15:20:55',5),
(32,'Timothy George','2010-05-08 20:32:31',1),
(33,'Jonas Branch','2016-06-30 04:51:13',4),
(34,'Hu Coleman','2015-04-11 01:22:15',1),
(35,'Tucker Bolton','2017-09-12 22:38:09',1),
(36,'Rhoda Parsons','2017-07-07 17:36:06',3),
(37,'Kirk Strong','2012-07-12 02:37:48',5),
(38,'Ronan Maddox','2015-06-27 18:08:01',1),
(39,'Amal Delaney','2013-08-05 10:21:35',2),
(40,'Briar Donaldson','2017-10-13 13:39:53',4),
(41,'Coby Wynn','2015-11-01 13:06:33',2),
(42,'Jacob Gallegos','2019-01-10 03:30:36',4),
(43,'Hayden Berry','2016-06-06 16:04:45',3),
(44,'Drake Mccarty','2015-09-22 14:46:30',1),
(45,'Talon Hardy','2010-08-15 04:17:02',4),
(46,'Aristotle Donovan','2018-07-31 15:41:08',2),
(47,'Channing Abbott','2015-06-28 16:06:34',2),
(48,'Amir Buchanan','2010-11-30 12:32:34',2),
(49,'Rajah Dillard','2010-07-21 06:49:09',2),
(50,'Claire Vaughan','2019-12-19 02:16:26',4),
(51,'Robin House','2012-06-25 22:18:49',2),
(52,'Kelsey Fuentes','2010-11-24 14:33:18',4),
(53,'Savannah Key','2012-11-13 05:20:41',4),
(54,'Rafael Mcmahon','2018-03-08 20:47:10',4),
(55,'Aspen Houston','2010-06-28 02:22:09',2),
(56,'Lilah Montoya','2012-02-11 04:37:42',4),
(57,'Gisela Head','2012-05-09 22:36:51',4),
(58,'Ezekiel Fitzpatrick','2016-05-07 14:42:54',1),
(59,'Emi Park','2013-12-28 07:22:49',1),
(60,'Abel Walsh','2010-06-30 06:37:04',2),
(61,'Harrison Cabrera','2011-05-07 10:36:59',1),
(62,'Chantale Beach','2011-06-10 16:59:26',3),
(63,'Rhiannon Greene','2016-05-23 18:06:10',4),
(64,'Clarke Fleming','2014-03-17 20:33:07',5),
(65,'Keane Hicks','2014-12-18 17:17:57',2),
(66,'Bethany Stein','2016-04-14 04:26:54',4),
(67,'Scarlett William','2011-08-30 12:37:01',2),
(68,'Sage Lambert','2017-02-13 04:21:16',1),
(69,'Yen Rios','2014-01-11 05:41:20',5),
(70,'Xerxes Stanton','2010-10-14 11:50:21',3),
(71,'Drake Tyler','2015-12-21 08:11:25',5),
(72,'Chanda Guzman','2010-03-04 10:51:31',1),
(73,'Phyllis Hodge','2012-12-26 01:53:06',4),
(74,'Derek Matthews','2020-01-13 22:55:51',2),
(75,'Miriam Hendrix','2014-05-19 20:40:03',3),
(76,'Warren Bullock','2011-06-16 18:33:29',4),
(77,'Odysseus Aguilar','2015-06-19 22:11:56',1),
(78,'Ryan Jennings','2018-04-23 09:59:39',3),
(79,'Martina Valenzuela','2011-12-18 02:21:27',4),
(80,'Yvette Albert','2016-02-06 20:35:16',2),
(81,'Anthony Peck','2010-12-19 13:44:58',4),
(82,'Kasimir Duran','2012-06-26 00:45:20',5),
(83,'Drew Nunez','2010-08-21 11:45:20',3),
(84,'Destiny Velez','2016-06-14 11:45:14',3),
(85,'Darrel Kim','2010-05-23 10:09:09',2),
(86,'Kermit Abbott','2014-02-05 10:41:07',1),
(87,'Xanthus Valenzuela','2017-04-12 19:04:22',5),
(88,'Tate Everett','2017-03-22 15:14:29',4),
(89,'Vanna Aguirre','2017-11-06 12:51:18',3),
(90,'Cameron Mueller','2011-03-01 13:44:55',4),
(91,'Jennifer Luna','2012-08-31 06:45:59',1),
(92,'Azalia Rogers','2018-08-25 06:19:15',4),
(93,'Hanae Pickett','2018-04-13 10:33:19',1),
(94,'Avram Cochran','2015-02-20 01:56:43',4),
(95,'Cruz Lowery','2020-02-26 10:06:29',2),
(96,'Sasha Mayo','2014-06-11 20:51:18',1),
(97,'Castor Gonzales','2013-09-10 18:04:46',1),
(98,'Nina Parks','2017-01-24 12:01:27',3),
(99,'Britanni Gross','2013-08-24 14:30:18',4),
(100,'Salvador Montgomery','2012-10-06 10:36:46',1),
(101,'Galvin Holden','2010-10-17 18:53:43',2),
(102,'Curran Erickson','2015-05-31 19:34:05',2),
(103,'Lucius Durham','2018-04-05 22:26:17',4),
(104,'Arden Burris','2013-07-21 12:50:04',2),
(105,'Ila Moses','2016-07-30 22:09:14',4),
(106,'Aidan Merritt','2019-04-05 16:54:28',1),
(107,'Joy Hoover','2013-05-28 14:54:54',3),
(108,'Guy Nichols','2010-06-02 16:16:18',4),
(109,'Daquan Thompson','2019-08-14 18:18:00',5),
(110,'Brody Fernandez','2012-05-17 01:20:08',2),
(111,'Ursa Dotson','2012-11-18 13:33:34',2),
(112,'Addison Frank','2013-07-18 17:32:24',1),
(113,'Kylynn Rojas','2016-06-10 11:07:02',2),
(114,'Farrah Strickland','2016-12-10 01:48:07',5),
(115,'Pandora Petty','2014-02-27 19:13:21',1),
(116,'Brody Coleman','2011-10-25 09:00:32',1),
(117,'Yolanda Gutierrez','2013-08-17 12:06:51',2),
(118,'Sebastian Sandoval','2014-09-03 11:09:26',1),
(119,'Zorita Solis','2013-05-13 08:50:32',1),
(120,'Jacqueline Patrick','2012-05-15 23:33:37',1),
(121,'Erich Simon','2019-08-21 14:28:57',2),
(122,'Barrett Hendricks','2013-04-20 07:20:13',2),
(123,'Brenden Vaughan','2019-04-03 19:53:45',2),
(124,'Rina Valdez','2010-08-23 00:27:38',3),
(125,'Jayme Lindsay','2010-07-25 05:40:32',5),
(126,'Ferris Rush','2018-02-03 11:18:05',2),
(127,'Zena Dunlap','2013-08-11 20:29:30',1),
(128,'Gannon Curtis','2010-10-23 08:19:47',2),
(129,'Roary Buck','2010-03-17 18:22:29',4),
(130,'Kieran Colon','2019-12-22 10:43:17',3),
(131,'Clayton Mitchell','2018-11-15 08:20:37',1),
(132,'Kiayada Burke','2010-04-10 23:45:12',3),
(133,'Emery Ortiz','2016-02-16 08:26:51',1),
(134,'Madeline Armstrong','2015-04-26 20:05:32',2),
(135,'Hayes Mcdowell','2016-02-06 12:16:24',5),
(136,'Lester Sanford','2017-04-08 03:30:17',2),
(137,'Audrey Lyons','2011-09-27 19:28:36',1),
(138,'Clarke Luna','2010-09-01 21:10:03',3),
(139,'Ainsley Horne','2014-05-06 12:51:57',3),
(140,'Jared Clemons','2017-11-11 22:42:15',3),
(141,'Stella Hinton','2012-10-30 14:36:56',4),
(142,'Noelani Murphy','2017-01-03 03:47:46',2),
(143,'Anthony Moss','2012-06-12 08:18:46',1),
(144,'Jelani Barlow','2017-11-20 11:20:30',1),
(145,'Ivory Stewart','2012-01-23 17:05:01',3),
(146,'Dillon Hogan','2010-11-13 06:18:15',1),
(147,'Travis Morris','2019-02-05 19:33:25',2),
(148,'Jana Bailey','2017-06-20 12:39:11',4),
(149,'Mark Hodge','2017-05-02 18:46:30',3),
(150,'Rafael Martinez','2010-08-07 13:21:49',5),
(151,'Kaye Hunt','2015-12-25 08:53:10',5),
(152,'Mollie Haley','2019-06-04 12:48:18',2),
(153,'Rana Snider','2015-07-03 02:40:51',4),
(154,'Veronica Case','2014-03-15 06:11:19',1),
(155,'Thor Stafford','2016-05-06 12:55:55',3),
(156,'Nomlanga Hewitt','2014-07-03 09:19:58',4),
(157,'Demetria Barry','2016-08-08 23:24:48',4),
(158,'Len Pittman','2018-04-09 15:57:33',5),
(159,'Caesar Berger','2012-04-25 05:03:58',3),
(160,'Leonard Calhoun','2015-07-10 07:15:51',5),
(161,'Patrick Eaton','2012-01-19 01:19:01',1),
(162,'Lenore Forbes','2010-01-15 23:17:17',3),
(163,'Kerry Mayo','2020-02-25 13:33:59',4),
(164,'September Zamora','2015-02-10 04:34:27',1),
(165,'Azalia Estrada','2019-08-04 10:50:09',2),
(166,'Farrah Scott','2011-08-22 02:41:33',5),
(167,'Hakeem Silva','2012-02-09 13:39:55',2),
(168,'Indigo Manning','2012-06-10 07:58:38',1),
(169,'Dolan Sloan','2010-02-16 07:52:10',2),
(170,'Madison Talley','2012-08-22 03:33:08',4),
(171,'Olga Hopkins','2013-06-07 09:13:13',1),
(172,'Darrel Padilla','2016-07-31 21:57:01',3),
(173,'Ivory Sweeney','2010-08-02 09:01:45',4),
(174,'Elton Holman','2013-02-25 14:41:06',3),
(175,'Ciara Mccray','2017-12-28 14:47:15',1),
(176,'Taylor Jennings','2012-01-22 19:30:22',5),
(177,'Yardley Glass','2019-07-30 07:29:10',3),
(178,'Baxter Dunn','2013-01-13 20:10:08',3),
(179,'Rooney Beard','2019-12-16 03:40:44',1),
(180,'Cherokee Cantrell','2016-01-06 05:18:39',3),
(181,'Carissa Conway','2017-06-09 06:30:57',2),
(182,'Brady Sargent','2017-12-31 15:14:17',2),
(183,'Melanie Bishop','2017-08-23 14:54:56',3),
(184,'Taylor Buck','2012-01-01 01:23:02',2),
(185,'Rowan Dillon','2014-11-01 22:26:30',2),
(186,'Signe Hines','2016-06-22 19:57:06',3),
(187,'Scarlet Perry','2019-10-15 11:25:42',4),
(188,'Jenna Oliver','2018-03-23 09:13:00',1);

INSERT INTO verified_members VALUES (1,'Colette Holden','2011-11-01 17:20:38',5),
(2,'Scarlet Chen','2017-05-22 19:43:57',5),
(3,'Elijah Meyer','2010-10-09 19:43:56',5),
(4,'Ima Dominguez','2010-12-12 23:01:02',1),
(5,'Melvin Carlson','2013-03-08 17:41:21',3),
(6,'Lilah Duke','2010-03-08 08:03:51',5),
(7,'Xander Gilbert','2019-08-24 00:29:55',3),
(8,'Jana Shaw','2015-10-11 17:50:10',3),
(9,'Salvador Bishop','2016-05-24 06:56:22',1),
(10,'Cheryl Jefferson','2016-10-30 12:51:52',5);
INSERT INTO simple_with_file VALUES (1,'Igor Cooley','Lorem ipsum dolor', 'sample PDF 1.pdf',1750076072393,10149,'application/pdf','data:application/pdf;base64,JVBERi0xLjcKJcOkw7zDtsOfCjIgMCBvYmoKPDwvTGVuZ3RoIDMgMCBSL0ZpbHRlci9GbGF0ZURlY29kZT4+CnN0cmVhbQp4nC1OywqDMBC85yv23EOcjcZEEMH4gB48SAM9S62lPQgVob/fbZFlZphhBhaa6aOSetufy3TbKQyNehMIGsaTLaw2zpLPWPucabur64lW1UkruezTOk/bXJbJ0JxbQlWF9ljLbQ8VorK59uQctEkLijMlPRPnFJcSDIMUGezBuSATdvAoUIsLaNCKdtL4JT0sgxmODWpOxcmuii/VRTX+nxrpC+7rLsAKZW5kc3RyZWFtCmVuZG9iagoKMyAwIG9iagoxNjgKZW5kb2JqCgo3IDAgb2JqCjw8L0xlbmd0aCA4IDAgUi9GaWx0ZXIvRmxhdGVEZWNvZGUvTGVuZ3RoMSAxMjM0MD4+CnN0cmVhbQp4nOV6e3xT55Xgd+7V05LRw3paSLpCGDC2LNsyBPOIL37IBhssYzu1IMESlowdbEuRZAh5DJ5pSBgTCk3SNA+2ofmRbJphN9eBmaGdbHE6yczOZtMk23S2bcqE/pr++us2TNwMzc4ksbznfrqSZYemv53f/rfX3HvP+zvfOec733dtMqnJONGSKcISfmg8muS3baonhPx3QsA4dDjDbes2b0H4GiHM/xhOHhx/6q9vv0GI7BIhyksHx44Oj7dWWwnRjhBSdmEkHo311X7dRwhnQhsbR5CwL3tUiXgX4qtHxjN3/4li007Ek4j3jSWGog2bT4jyryFePR69O7letpNBfA5xbiI6Hv/Xb/1tjBCPnhBNOplIZ2LkxAKKPiDyk6l4suupA68jfp4Q9gzSAH/ES4ugQsQZViZXKFXqEo22dIVObzCWmcj/T5f8FDGTDvk2oiNJ+lxysReInTxJyMKHIrb4zHYtfPr/0gtV7vUEeZ5cIqfIT8kdEiNIQmSUTCKl+HqVvINU8QqRveRFMv0HzF4gl5Gfk4uQ0+JMbnqFyDfJRfL3S0YJkXFyL/ryl+SnUEf+AUslQT4GFflT8jpa/Rhpu25milmBj2EKDhdR3yNPMyfJTuYDRJ4UOYyf0ZPXyFnYj5YzOM9ThRlv/YLRh8j9+OwlI+QwwvSSb/v8Z0S98C84q/vJTvJnZDsZK9J4BZ5hSzB/feQZjOmrlObPM5Ud7J3MXzHM/KOIfJ0cxDsKOHfmFLv9D0To//pi+0kpVLIVRH0zLtNAdNlPmfqFG+xqUkL6F+bytIXOhX9ho9kJ2aBspXyb7I0vG0Pxddk4apOFX2Xvzcbku+XPY7ZeIIRv37c3PNDf17unJ9S9e1dX584dHe3BttaW5u18063btm7Z3Ljplo0b6mr9Nb7qdWvXVKz2rvK4bSaDXreiVFOiVikVchnLAKnmBIi0CWwFZwhGvW3eaIevmmuzjbT6qtu8wYjARTkBX7I13o4OSvJGBS7CCWvwFS0iRwQeJYeXSfI5Sb4gCXpuK9kqDuHlhDdbvdxl2NszgPCpVm+YE65TeBeFZWsoUoqIx4Ma1CvRW65NCB4emW6LoI8woylp8bbES3zVZKZEg6AGIWGdNzkD624FCjDr2jbPMERVKg6LM22LxoRQz0Bbq8PjCfuqdwgrvK2URVqoSUHRIiipSW5UdJ2c5GaqZ6cfvqwnByJV2pg3Fr19QGCjqDvNtk1PPyQYqoRKb6tQec8HNpx5XKj2trYJVaLVzj2FcToXhwRBXqH3ctO/Jzgd7/UPl1KiEkVRof89EUGBaRFgz4BHvBxBjPX0dNDLBacj09HLC1MHvJzeOz2j1U4n2zDcJDSAJi4vfO+kQwg+HBb0kRHYHJamHtzTKZT17BsQmIogNxJFCv5r8no2OTyGgkzoD7EJhgWDgxH2eMQwnLzMkwOICFM9AzmcIwccLxPeXxUWmIjImc1zzP0iZyrPKahHvJjbzt6BaUFWsSPmbcOIn4wKUwewuu4UE+PVCys+cXi800YD1+gPU1kOvdoRG+UE+RoMEmoVK2DdiCrTeoqs+CT3uu7AAdYYjFyjF82Idtq8bRHp3+ERGxrgMNAdVblC6BsQ+FYE+KiUsbaZWj9qRCOYsNFWmkzB700KJm9zIbuiW22jvQNURVITTC0CiQxJWoK/ja4rrm060ppzQbTl7Rn4LgksXJtp4BwXA6SBhFtFYUsLVtmatumB2LDgjjhiuO6GuQGHR+DDmOGwdyAeFssOI1R5zUGLI0xrpW+gs9fb2bN3YJPkSI4hmpNVtC0z4x1w5MxgAQqqChU3wDjYMArqkcAFEfA2b8WnoKxQ4a3HgFOqWLjNW7kBcJC8NLohVHJt8VZJTsSXGJWL5dTSkbemEFG009Lh8IQ9uctXzSCbkwZGDZUY1I48C9sUMlRYny0dlCTG0iYWPTfgjXvD3hFO4EMD4tzE8NAoS8GgMZdy1bcEKwoWhol4kJ1HxGAKwSpHcXCFdooX0I5l7B15Njet8nb2TovGvZJBgp7vEIhYwvwmg4P2AnFBe7H3cnpc0nRBT8/wvLiYRzaLRrw7YtPe3oGtVBr7yf2Oe8SxjKQTOvuafdXY2ppnvHCiZ4aHE717B76rx3Phib6BlxlgWiLN4ZnVyBv4LoebBqUyIlUkiggnIqKlPYioqLzjuzwhU5QrowSKD10GQmmqPA3I0GUmR9PnBlpDB+IJgxxZjsPnpWVIU+VoU5RGrxkihowvkfMqXs1rmVLGMQMi6WWkfA/PsWogF7VQCo4Z1NpDyZdhakbNO3ISUyjB5zw80b84dP/egYta3J0d9IkDNYsXlottBJON20obFxML5b7wyHQkLC42YsHU4D8QwHsrpsl7Kzqi0Aol3nizoPE2i/Qmkd6UoytEuhJLFCyA6lOY+5AAYgXsG/DgkuTK/8Exrb8uZiqMTWVa/ysfRqwCvxtexTOoCbbyV42MhlGxZouWqEDNqlRqA6tmI2E1a2QIMxgmxiYL6CxwzQJXLHDaAscsMGgBJHKUfmjOAm9Z4BzlJS3QbQE3ZeToggWeoawEVeMtUEsFiAXep9wpSq+llC0LdJyc2mnK6Ka8OUoX8mPkFDiqM0cNzdJhpigXXfPnx7ijcN2Vv1LStX8Z/QsckUeaqgwkYKNPQ8DmH9x/R8BgBGujIVBX69lwi8G7Sgdeg8fgXVsDVWCwmmHLjwPzdzhaZGdbHa7/dnfdjzc4ZN80vQNbsq+/o9R8dsixQTxQAcGPH/ZX+E3gJN/jjxKTyV66YoXarna5neWhsJOYELHaQ2Gt1VzGMHK5YU9Yrj/nhmtumHWD3g3EDY2InHFD0g0RN4TcwLuh1g2cG9yUjaypPBdZb1NNwQ3niujFwUmllgRAmjvOuikgAgEaBiM04txzP3W1YFLeCoF6ixknLkajwbtKKYFrN3ggqOz466Z77ktlD93//P6vHsvGjjwM9ewnIzWVW7/20Pzjdp/Pzuy/4JwvEyE5Y/PhwqnC86lR3kU0+LX0H/hhotUqDAarhVX3hgkLepY182ZjKGzWaQ06QyisM5usILNC4w0rnLECk7RCxAohK/BWmLWCYIVzFOWsoLcCscIcpaBoseTSGhFDMEijUEg/Kbfpf4jJpwEwBKTJK7yr1mxo2IgBYBcnfS/vq+b5ah9f8u2s/dxxqJK9n8P5zzaL82Q5u7gG+xY+ZH7Evk7WkTDf4FGaykuxJCrXl3pYq9UVCjuselYTCitZy9R6SK6HyHoIrQduPby0HgbXQ/d6yPtLMD2E5shIMDe5BKGDBQ/XbghYLYH6DQ1+qGGou1azd+0a7yqF2WSxuljmRzP/KfidWl9d590/eDIcv73+O2cOPu1fvyHV079r96N7m7ygeviM0/jrr7Y+f0+D09M6FLzvtPvNcX+otXF3eX1Ny23iZwbpWPiQvYt9lTiwu4zzTQZVRYWM02rtMhaP/atKVvWEbWaDYSVmzOA2MFrWYCCqEotShnM0E3MoTPRTa2FwLfBrAYE7MAkYfGKjd8DY6M8FnzTSmsytQIM0S6n+1uJkDQ23QhNsaFhD1+WGjaBcAWZToH7jLfDOU1+fzGbLUjO/23HuiVPtO2O9qzY9C+SrDw6ebh2qZ1/9kz+bP2737U+Bbf+921nZo9Hb/ZNverMumXz/hOC2iWsWa1Nhx5zVwcv8gkGrWLnSQ9at8/k8WjZQX1cTCtfp1nlWGrS+Kl8o7NZVme0KhVpt2hNW69ficmcr9oRZ/eEA3BaAjQFYHQBLABQB+CQAHwTg3QD8XQDOB+DxABwIAIQC0BqAWipnCoAsACNzecFLAcgEgA9AA2Uj70YA3gvAbAAEauOBAMQCkomcjD4v9nYAXgvAXwTgDBU7FIAtAeDyY2zKDXAuAJEA9OXHMFHND6jmYwGYwuH5qiK+g+p+QB1gBCqQpMPjqLoAqKSOOvjl7XZpNy5qSIvqRUKL7anQpqQ+le9U1kKnosuVdiqr+LRDoV2tYJSL3WvNsvbV+QLfNunc9Vbr3NFs/8PnytvamsyGU9nmk/39A189lb3tyBEoYyNVmxsaq5qzv5Ua2sAFVUmpbOP2PNobds7bCwufrhVPtosVsI6sxEOO8z0uncxotNpKrCWrvFajCbubyVHKhcKlFqdD6egJy5R6loTCrI73wpQXiBcaa71wzQuzFI94gS+Ccb0utnSMnLSOAvlOJsVrsZGLa6gM52vNtXIT41211uLMhQhyMcH28cQhUDHrT+249Pr/fOOuYcX5LH+Eid1/bHJ3+M7P2WG775bV1Z/+r4+yn1o6KrM2v9/G7p79G888rnJcN5U4aT3udWryLJ+U43e/IhRWEyJn5Tgr87saeE0DlzRwXgOPaeABDWQ0ENPAag2YNCDTYG+nEmc02N41ENFASAO8BmY1IGjgHEX1GiAamKMoyhWLLSkaqbUvqbnFPR5jUldbsVgACbGDn4NgsGh/CmGfC2LuzGQlOcXvtQPoylVmndnpsmOOdHa3HZub3a41Gi2hsFGvlfeEtZZZFwguOOeCMy6YckHSBREXhFxAXHArvngX1LqAc4HeBXNUDoXyC2B/saM0e9gFbf78ZpRr9rTAzSYXiK3OvAKw7Ruw03MGM2Cb9zSsAdm2Ywc3PlZb+9xt773xwyswmv3mSAIeuR1+apx+MmTUbHLXfAjyTz7ODu+Bsy+cv/ikWKdb8JzowXOiitjILD9FzPKSEp1ZV25XK/CAqC41GvGgaNQPho1sia5UNxguNZ4uh2PlkCgHfzkGBt4vhyvl8AyldJdDE6UvUPpblDhIxTbl5K5Q5ZzmS1TtGNVxU4qq6MS2/PhGI1VIpBSi4tMKhqdhDR7QMD7yxSXOGXCHZPc+9VcHRr7z7ezuH8+/8cwF+BQ+/LffsMJzX5s//tSNbLNjA57gvlW+ITv5w38UY7LwuXwSY6LG1dvF++UmUmoqtdmt5sGwVRYJW1m9aTCsV0bCeiOxQxNvB84O1+xwzg5JO9200XX0lKZy0UP0T088XnGlGYEjBkQqvNRJ2fnsO9lfX7r7uU9+M/+vkIbh7H/Mfie76sKFC8wLYIdVn92rglXs69m/zF7KCtnnZTlv6RlTzF8l+molN/jnLUajyQCgUJg0rN1mIJHwoCFhYHwGYHE4A6OWGwy4W+kxs8pBPP6DQqYYDMuMl+xw3g6P2WHKDhk7xOwgs8OcHT6ww7uUjsSIHfrs0GqHt+3wmh0KKg/kVZCLkailwTBRC403qImcHOKzdtw57HDX4PKqX7IvSBvC8kzjYsDNYWnPx4guJhrP52L2PbcEEIIX3p9/9ZkL7D83c8l334OT7m3b3Mze+U8Kmb7y0xXz75zLxp7FGDbhQnhR/ixxwEb+J0aLhXU4rGUlMudKi8PuCIXtZmIqM2EbK9MpV4TCGiU4nCBzwg0n/I0THnBCxgkxJ1Q5JfqhD5zwrhNec8IlJzxGJZDdWaTzF5S+j+qYKP2NPB1t9TmhNU/f/Ftq6LwTzhQN1eCE1VSCOIGZc8I1J7zthHNOmHJC0gm8Ezgn6J0gUFRP5ZZsvYOLHwLFn0I335NzH0mB4h1m8YBGs1CGZbzk1OmEgNmbS80vnn32uW/saq7zraptavj00zeyspPsQN3a5revlb15rzn51Nm+zz/x4PkK192zC7+ER/F8qcFqFvijWkKMCoXNbtY9vc+sZ9VP72PL3i0qvkLl5cpudXHZvVZUy18sW6xQRm8HQoscV+0ZunCxwkPUWGHWg8XxWFKuhT5d+FSoKPpUMBTB8GhboKEtGKgPBusDwbaGQNvtdR0ddQgylwPBYAARcR378fD4C9xzVmIXvp+Uldk0Wq3SpnS6VuIX4kpdGSIWWyhcYjEbxWOmXjxmnnfBBy54zQW4Kchc0IjIYy7IuCDmgj4XtLqgwQWrXeCgbNydmOK9CXekt11Q2LYK9OJqGPx3fTEu/V5cduJq3fWfN+e+F3v69+IH45133QVaNlLdWPhcHOgdlL4Xpe8oB+7HV9kLxEK+wQ8SY6lMpjaqrTZ5maUMPy0sOhmjZ/aES/UWrRq/ps3nbHDNBrM20NuA2PAT2ga8DWptwFFcsEHSBhFKRBilp/IUFCjef4onvVj8gWVnK/EbLFCfa0HiJ4q4M9tBnGrjufvGvgaBI9l/VrV/r2nubnCB9oKb+bXd9/lTdl/X2kYwMcP0wMiIfwlkX8bzk4Y4yRTfY1QqncTqtLrc5TincosCO7uJ7Qmb9DotHkEITz/wxV8QnKG/KriW//LP/UYg9+uA2TzMuYuXf6royLh4vl62j+IipmfCjeJMDCblxvy5cc1aJjv14JZMed/k9H3zJ/8c/IrYE7Nv/uLHt721G+YuXzJr5636n8hqbL6ssPHM7t98OJ/9tzVukj8jPoE1biI9vM+gVIJWa7YoDHRrWiE3sIxJry8NhfU6pbYEZ1liHqS/4+EtcFfRfiBmIhDA7cBAs2BsrM+djLxrRZcLhSYedZknqjbX/3n9t7PNeIw3qre+uRU30QmHZb45X12T9bfnfldzCVfVcXkHKSGdvE9J5HKNlij1Sk7JqlklX6IQT7LpMGvjtUC0cE0L57QQ0QKiS3+LVP6m6FmuLWBTkKM7FQb5hooAkwbjvB/Ksr+DhxpCdB8KRjf8E6F/Q2fsT/6M2R0a1G39PXHn/n77X1vf/uHiX+eyXQo77lDiH3cZiYR6Sk+2jXylIATL/qRnVjTi6eCXpEJGiIlpJFWsk/SJ6uwp0oG8KqR7kF6JeEiWJlvkf0+2iG/mRdKE9GeR78fbIRNdfJFU4vsStfwD2A0/YNbjz1l2VrZJ9i25Sf4t+Q3F48q9yp+ohlU/Ue9UP6H+R+qRmdRLPjNEj30OA878Lft3hKVcF0wU/L6tMAdAydskmCFKMizBLHGQcQmWocwJCZaTUvKEBCuIjjwnwUpyD3qcg1XEBDUSrCYroFmCS2ACQhKsISuZ7xf+V0MN8zMJLiUbWJUEryDl7DbRe5n419gL7FckGAgnYyWYIStkXglmyUZZnQTLUOagBMtJuewhCVYQl+zbEqwkN2RXJFhF1skvSrCarJS/J8ElzM/l/1uCNWST6kcSrCW3qzUSXEruVOfHWkEa1O+0jh4czYzeE49xsWgmyg0lkkdTowdHMty6oUquvraulmtPJA6OxbmWRCqZSEUzo4mJmpKW5WL13B400RHNVHM7JoZqukYPxHOyXG88NTq8J35wciya2p4eik/E4inOxy2XWI7fFk+lRaS+pq5mwyJzuexomotymVQ0Fh+Ppg5xieGlfnCp+MHRdCaeQuLoBNdf01vDhaKZ+ESGi07EuL6CYvfw8OhQnBKH4qlMFIUTmRH09M7J1Gg6NjokjpauKUygKBq9mfjhOLcrmsnE04mJ5mgax0LP+kYnEulq7sjI6NAIdySa5mLx9OjBCWQeOMot1eGQG8W5TEwkDqPJw/Fq9Hs4FU+PjE4c5NLilCVtLjMSzYiTHo9nUqND0bGxo5iy8SRqHcAcHRnNjODA4/E0tzt+hNuTGI9OvFiTcwVjM4wx5UbHk6nEYeqjLz2UiscncLBoLHpgdGw0g9ZGoqnoEEYMwzY6lKYRwUBwyeiEr20ylUjG0dOvtHctCqKDuWimE2OHcWRReiIej4kjotuH42OohAOPJRKHxPkMJ1LoaCwz4ivyfDgxkUHVBBeNxXDiGK3E0OS4mCcMcybvXHQolUBeciyaQSvj6ZqRTCa52e8/cuRITVRKzRBmpgYt+7+MlzmajEv5SIlWxse6MP0TYuomaX7FSfTu6OK6kxifIDrHSQLVXL4y62rqpCEwjKPJTLomPTpWk0gd9HcHu0grGSUH8c7gfQ+Jkxjh8I4iHkVoiCRIkhwlKSo1glSOrENqJb7rSS2pw5sj7SiVQP4Y6nOkBeEUaonPKLWbIBOkBjenlj9qrR6hPZIXHVS7GqEdqD+EFrpQ7wByi+1ypJdSRrHNipoHyST6EUXKdpJGrTjKxKgER3x4/zEbf4x/G4XSBU49+lWH94abav4xu6NoiaORzlCO6Ok49f4Q0hKo92Xx4FAuTrOXRk6cYjFqVbTdjxK9VCpENcVIZOhoE1Sq7yYjduOIw6g/RDOZlxyitsWKyFlOIDwixfROjHeKehCjevm5pXHkL2bg5rXRS707TMfcRekinqa8ZsTT0rxyMeujXiSQKsbiCHoijjtC4SiNZ4xqizU2IWkewKrjvnQcTtKNSnmZoGMclrwUdaqleA/TZ5qOO4FjcNS/XJaXjs3ROEVp1HOZHkduhsoOIX0Mf45Kq2wco5Ib64C0jo7QVTkizXic2uXIbnwfoVWRoHmb8KyiOV6MSq5uhqU65ahuEuEEnUU+jj6aG3EmceqpCEXpyj+AGmN07JxvI7Q6ojS3cSnXGTqDfLxi0kxFr5OU4iNttC7E9R6XYvoV7BNdN7WYi2BxbYo5GaP+potsT1BvY4U55qItSo1JI+VmPEb70aFCfoZpveUiGqPWfH8g5sM0Nhlp1AT1KIY/uYznaiuBupM0H7n1lKvmzBciF6XxTUh6SdqVMpIv43R9jNAKTJLNeLD0o3fiTw2tw+JVMyStmRrJZ/+/W0/0K0kjWLw+UgVfxtHHLmn1TxRW3WTR+s1nohd7UBftF0mpfoJS5LhlFsRVs7xn1tGeuXQWuWocRTxD/UnTWNbQORxEfjeO0CWeoem1cBxdusk1ow5tPwBxAjACB0kZfmJGyG4YJP2wnWwDHt888prx3YK4+K6BbWQK5bYh/VbEtyJ9C/ZONz6b8O7G+zTeMrxzErUo4ce3X8J9iFejxlv4BHqL1Cakiu+diHfgu116B5Hehu82Cd+BOL5JBJTiL/Po8wrI+ItwbR7emgduHo59BqHPYOrjMx8zv5urdL80d2WO6f5o8KOXPmJrPwLdR6Ai1/XXQ9cj15PXz11XlOg+BC35LRh+eW2T+/1tV/v/advP+8lVnNnV2quhq1NXhavyq8D2/5y1uPWz3GztbHJ2avbt2Wuzc7Oqqe+f+T7zX17xu3WvuF9h3Be7Lx67yEZeAN0L7heY0NORp5kzZ0F31n3Wf5Z96ska95PtLvc3H1/rvvb43OPM5YXZi4+XGoKvQDd0kW0Yw90X2QX3S9vNsAunpcOnG28/3t14J/A+jTd+86C4G28/dPGb2MFvgOYRxyNVj9z7yMlH5MkHpx488yA7dfzMcealw1cOM+lQpTsxUeWeaF/vtgds/coA26/AYXB0fseBinXByCDvHkShfXtr3XvbK91lAWO/HCcsQ0Ed62ab2G42wZ5mr7BK1Z6Qy92D97XQXIjhQ2ptUNft7vZ3s5cXrvHxTg9a25ncObWT3RGsdHe0b3Lr2t3t/va32t9v/6hdMdgOz+C/4EvBK0GWD1b6g3zQ5Qmu7HD0WwLmfgPo+vUBXT8DmOgA6ffrFnSMTjeoO6ZjdaSJMFMWkMNlODPT11tV1XlZubCnU1CF9glwQqjoFZ98z15BcUIg/Xv3DcwAfC18/NQp0uzsFOp7B4SIM9wpxBDgRWAKAb1zxkKaw+l0popeUFWF8CQ+SdVkFRL3p3NUUuCTqjSksUWlqRJUiQI5HPBZJfKQIOoBau9PE/EhMqtySqJ2WjJHlXMPCtj2/x+Ohb8nCmVuZHN0cmVhbQplbmRvYmoKCjggMCBvYmoKNzI0MwplbmRvYmoKCjkgMCBvYmoKPDwvVHlwZS9Gb250RGVzY3JpcHRvci9Gb250TmFtZS9CQUFBQUErTGliZXJhdGlvblNlcmlmCi9GbGFncyA0Ci9Gb250QkJveFstNTQzIC0zMDMgMTI3OCA5ODJdL0l0YWxpY0FuZ2xlIDAKL0FzY2VudCA4OTEKL0Rlc2NlbnQgLTIxNgovQ2FwSGVpZ2h0IDk4MQovU3RlbVYgODAKL0ZvbnRGaWxlMiA3IDAgUgo+PgplbmRvYmoKCjEwIDAgb2JqCjw8L0xlbmd0aCAzMTQvRmlsdGVyL0ZsYXRlRGVjb2RlPj4Kc3RyZWFtCnicXZJNboMwEIX3nMLLdBFhQxISCSGlJJFY9EelPQDYQ4pUjGXIgtvXM5O2Uhegbzxv7MczcVmdKtvP8asfdQ2z6HprPEzjzWsQLVx7G6lEmF7P94reemhcFIfZeplmGCrbjXkexW+hN81+EaujGVt4iOIXb8D39ipWH2Ud6vrm3BcMYGcho6IQBrqwz1PjnpsBYppaVya0+3lZh5E/wfviQCRUK7aiRwOTazT4xl4hyqUsRH65FBFY86+XSB5pO/3Z+CBVQSrldlMEToh3e+SU+YC8Ic5S5C1xIpF3rFHIGfMJec960hx4vUQ+Mm+RH/lc0pTEG/JwYt4hn1lPfCFOj4GV5PUzMvvPcE91958gs/+MmP2nigK5fzlGg3f3E7nQN+9D3HTBlDMm3Fv4/Qfc6HCKnm/VsJnfCmVuZHN0cmVhbQplbmRvYmoKCjExIDAgb2JqCjw8L1R5cGUvRm9udC9TdWJ0eXBlL1RydWVUeXBlL0Jhc2VGb250L0JBQUFBQStMaWJlcmF0aW9uU2VyaWYKL0ZpcnN0Q2hhciAwCi9MYXN0Q2hhciAyMAovV2lkdGhzWzAgNjEwIDUwMCAyNzcgMzg5IDI1MCA0NDMgNzc3IDUwMCAyNzcgNDQzIDU1NiA3MjIgNTU2IDMzMyAyNzcKNTAwIDUwMCA1MDAgMzMzIDUwMCBdCi9Gb250RGVzY3JpcHRvciA5IDAgUgovVG9Vbmljb2RlIDEwIDAgUgo+PgplbmRvYmoKCjEyIDAgb2JqCjw8L0YxIDExIDAgUgo+PgplbmRvYmoKCjEzIDAgb2JqCjw8Ci9Gb250IDEyIDAgUgovUHJvY1NldFsvUERGL1RleHRdCj4+CmVuZG9iagoKMSAwIG9iago8PC9UeXBlL1BhZ2UvUGFyZW50IDYgMCBSL1Jlc291cmNlcyAxMyAwIFIvTWVkaWFCb3hbMCAwIDU5NS4zMDM5MzcwMDc4NzQgODQxLjg4OTc2Mzc3OTUyOF0vVGFicy9TCi9TdHJ1Y3RQYXJlbnRzIDAKL0NvbnRlbnRzIDIgMCBSPj4KZW5kb2JqCgo1IDAgb2JqCjw8L1R5cGUvU3RydWN0RWxlbQovUy9TdGFuZGFyZAovUCA0IDAgUgovUGcgMSAwIFIKL0EgPDwvTy9MYXlvdXQvUGxhY2VtZW50L0Jsb2NrCj4+Ci9LWzAgXQo+PgplbmRvYmoKCjQgMCBvYmoKPDwvVHlwZS9TdHJ1Y3RFbGVtCi9TL0RvY3VtZW50Ci9QIDE0IDAgUgovUGcgMSAwIFIKL0tbNSAwIFIgIF0KPj4KZW5kb2JqCgoxNCAwIG9iago8PC9UeXBlL1N0cnVjdFRyZWVSb290Ci9QYXJlbnRUcmVlIDE1IDAgUgovUm9sZU1hcDw8L1N0YW5kYXJkL1AKPj4KL0tbNCAwIFIgIF0KPj4KZW5kb2JqCgoxNSAwIG9iago8PC9OdW1zWwowIFsgNSAwIFIgXQpdPj4KZW5kb2JqCgo2IDAgb2JqCjw8L1R5cGUvUGFnZXMKL1Jlc291cmNlcyAxMyAwIFIKL0tpZHNbIDEgMCBSIF0KL0NvdW50IDE+PgplbmRvYmoKCjE2IDAgb2JqCjw8L1R5cGUvQ2F0YWxvZy9QYWdlcyA2IDAgUgovUGFnZU1vZGUvVXNlT3V0bGluZXMKL09wZW5BY3Rpb25bMSAwIFIgL1hZWiBudWxsIG51bGwgMF0KL1N0cnVjdFRyZWVSb290IDE0IDAgUgovTGFuZyhlcy1FUykKL01hcmtJbmZvPDwvTWFya2VkIHRydWU+Pgo+PgplbmRvYmoKCjE3IDAgb2JqCjw8L0NyZWF0b3I8RkVGRjAwNTcwMDcyMDA2OTAwNzQwMDY1MDA3Mj4KL1Byb2R1Y2VyPEZFRkYwMDRDMDA2OTAwNjIwMDcyMDA2NTAwNEYwMDY2MDA2NjAwNjkwMDYzMDA2NTAwMjAwMDMyMDAzNDAwMkUwMDM4MDAyRTAwMzcwMDJFMDAzMjAwMjAwMDI4MDA1ODAwMzgwMDM2MDA1RjAwMzYwMDM0MDAyOTAwMjAwMDJGMDAyMDAwNEMwMDY5MDA2MjAwNzIwMDY1MDA0RjAwNjYwMDY2MDA2OTAwNjMwMDY1MDAyMDAwNDMwMDZGMDA2RDAwNkQwMDc1MDA2RTAwNjkwMDc0MDA3OT4KL0NyZWF0aW9uRGF0ZShEOjIwMjUwNjE2MTQxNDMyKzAyJzAwJyk+PgplbmRvYmoKCnhyZWYKMCAxOAowMDAwMDAwMDAwIDY1NTM1IGYgCjAwMDAwMDg1MzUgMDAwMDAgbiAKMDAwMDAwMDAxOSAwMDAwMCBuIAowMDAwMDAwMjU4IDAwMDAwIG4gCjAwMDAwMDg3OTQgMDAwMDAgbiAKMDAwMDAwODY4NCAwMDAwMCBuIAowMDAwMDA5MDE3IDAwMDAwIG4gCjAwMDAwMDAyNzggMDAwMDAgbiAKMDAwMDAwNzYwNiAwMDAwMCBuIAowMDAwMDA3NjI3IDAwMDAwIG4gCjAwMDAwMDc4MjIgMDAwMDAgbiAKMDAwMDAwODIwNiAwMDAwMCBuIAowMDAwMDA4NDQ2IDAwMDAwIG4gCjAwMDAwMDg0NzkgMDAwMDAgbiAKMDAwMDAwODg3NiAwMDAwMCBuIAowMDAwMDA4OTc1IDAwMDAwIG4gCjAwMDAwMDkwOTEgMDAwMDAgbiAKMDAwMDAwOTI1OSAwMDAwMCBuIAp0cmFpbGVyCjw8L1NpemUgMTgvUm9vdCAxNiAwIFIKL0luZm8gMTcgMCBSCi9JRCBbIDxGMDZFQ0NDMDYyMEI1NUI1NEE4QTdFNkE3NTI1NUQ0MD4KPEYwNkVDQ0MwNjIwQjU1QjU0QThBN0U2QTc1MjU1RDQwPiBdCi9Eb2NDaGVja3N1bSAvQURCMDEwMzU0OEZBMzRCMTZEM0VDNUQwMEYwNjMxOTgKPj4Kc3RhcnR4cmVmCjk1ODYKJSVFT0YK'),
(2,'Trevor Pennington','Lorem ipsum dolor sit amet, consectetuer adipiscing elit. Curabitur sed','sample PDF 2.pdf',1750144525175,10219,'application/pdf','data:application/pdf;base64,JVBERi0xLjcKJcOkw7zDtsOfCjIgMCBvYmoKPDwvTGVuZ3RoIDMgMCBSL0ZpbHRlci9GbGF0ZURlY29kZT4+CnN0cmVhbQp4nHWOzQqDMBCE73mKPfcQZ2NiIohg/IEePJQGepZaS3sQKkJfvyl4KViWnWWW2eWDZHqLpFrWxzRcV/J9LV4EgoRyZHIjlTXkNEuXMS03cTnQLNqYSs7rMI/DMhZF0tfHhlCWvtmuYy134YMwmXRkLaRKcwojJR0TZxSmAgyFFBpm0yy2jmrhkKOKzqNGE2cbE99NB8NghmWFitPodBmeog3itI/Ee0jKOZmaP1Dm5+GJPoIRQWgKZW5kc3RyZWFtCmVuZG9iagoKMyAwIG9iagoxODMKZW5kb2JqCgo3IDAgb2JqCjw8L0xlbmd0aCA4IDAgUi9GaWx0ZXIvRmxhdGVEZWNvZGUvTGVuZ3RoMSAxMjQwND4+CnN0cmVhbQp4nOV6e3hT95Xg79yrpyVbD+tpIekKYcD4IdsyBPPyxQ/ZYINlbCcWJFjCkrGDbSmSDCGPxduWlDGh0CRN82Aamo9kkg67uQ5MSzPZ4nSSdmezeW3T3XZSNvRr+vXrFiaeDGVnkljec3+6kmVC02/n2//2yvfe8/6d3znn95KcTk7GiJZMEZbwQ+ORBL95fT0h5L8SAsahg2luc7d5I8JXCGH+23Bi//hTP7jzOiGyC4QoL+wfOzxMfnL6Q0K0I4SUXh2JRaJ9td+sJoTrQxvrRpCwJ3NYifjDiK8YGU/fu0KxfjviAuJ9Y/GhSN+GYyjvkSFeNR65N7FGtp1BvBZxbiIyHvuX7/xdFPEgIZpUIp5KR8mxBRR9XeQnkrFE11P73kD8I0LYU0gD/IiXFkGFiDOsTK5QqtRFGm1xiU5vMJaayP9Pl/wEMZMO+WaiIwn6XHKx54idPEnIwlURW3xmuhY+/X/phSr7eoI8Ty6QE+SX5C6JESBBMkomkVJ4vUbeQ6p4Bclu8j0y/SfMniMXkZ+VC5OTYk9ueQXJt8l58tMlrQTJOLkfffkb8kuoI3+PpRInn4CK/HvyBlr9BGk7bmWKKcHHMAWHC6gfkKeZ42Q7g3WIXiCH8TF68jo5DXvRchr7eSLf401fMPp18iA+e8kIOYgwveSbP/8Hol74Z+zVg2Q7+QrZSsYKNF6FZ9gizF8feQZj+hql+XJMZQd7N/N9hpl/FJFvkv14RwD7zpxgt/6JCP1fX2w/KYYKtpyob8VlGogu8ylTv3CdXUGKSP/CXI620Lnwz2wkMyEblC2Tb5a9+WVtKL4pG0dtsvDbzP2ZqHyn/HnM1guE8O17docG+vt6d/UEu3fu6Orcvq2jPdDW2tK8lW/asnnTxg2N629bt7au1ldTXbV61cryFd7lHrfNZNDrSoo1RWqVUiGXsQyQKk6AcJvAlnOGQMTb5o10VFdxbbaR1uqqNm8gLHARTsCXbKW3o4OSvBGBC3PCSnxFCshhgUfJ4Zsk+awkn5cEPbeJbBKb8HLCW61e7iLs7hlA+ESrN8QJ1yi8g8KylRQpRsTjQQ3qlegt1yYEDo5Mt4XRR5jRFLV4W2JF1VVkpkiDoAYhYbU3MQOrtwAFmNVtG2YYoioWm8WetkWiQrBnoK3V4fGEqqu2CSXeVsoiLdSkoGgRlNQkNyq6To5zM1Wz0w9f1JN94Upt1BuN3DkgsBHUnWbbpqe/LhgqhQpvq1Bx30c27HlMqPK2tgmVotXOXfl2OhebBEFervdy038k2B3vtatLKRGJoijX/5GIoMC0CLBrwCNejgDGeno64OUC0+HpyMWFqX1eTu+dntFqpxNtGG4SHEATFxdeOe4QAg+HBH14BDaEpK4HdnUKpT17BgSmPMCNRJCCf01ez3qHx5CXCf4pNsGwYHAwwh6PGIbjF3myDxFhqmcgi3Nkn+NlwvsqQwITFjmzOY65X+RM5Th59bAXc9vZOzAtyMq3Rb1tGPHjEWFqH1bX3WJivHqh5IbD4502GrhGX4jKcujVtugoJ8hXYpBQq1AB60ZUmdZTpORG9nXNgQ2sNBi5Ri+aEe20edvC0t/BERsa4DDQHZXZQugbEPhWBPiIlLG2mVofakTCmLDRVppMwedNCCZvcz67oltto70DVEVSE0wtAgkPSVqCr42OK65tOtyadUG05e0Z+CHxL1yZaeAc5/2kgYRaRWFLC1bZyrbpgeiw4A47ojjuhrkBh0fgQ5jhkHcgFhLLDiNUccVBiyNEa6VvoLPX29mze2C95EiWIZqTlbfdZMY74MiawQIUVOUqboBxsCEU1COBCyDgbd6ET0FZrsJbjwGnVLFwmzdxA+AgOWl0Q6jg2mKtkpyILzEqF8uppSNnTSGiaKelw+EJebJXdRWDbE5qGDVUYlA7ciycppChwvps6aAkMZY2sei5AW/MG/KOcAIfHBD7JoaHRlkKBo25lKu+JVhBsDBMxIPsHCIGUwhUOgqDK7RTPI923MTelmNz0ypvZ++0aNwrGSTo+TaBiCXMrzc46FwgDmgvzr2cHoc0HdDTMzwvDuaRDaIR77botLd3YBOVxvnkQcd9YltG0gmdfc3VVTi1Nc944VjPDA/HencP/FCP+8JjfQMvM8C0hJtDMyuQN/BDDhcNSmVEqkgUEU5EREu7EFFReccPeUKmKFdGCRQfugiE0lQ5GpChi0yWps82tJI2xBMGObIsh89Jy5CmytKmKI1eM0QMGV8k51W8mtcyxYxjBkTSy0h5BfexaiDntVAMjhnU2kXJF2FqRs07shJTKMFnPTzWv9h0/+6B81pcnR30iQ01ixeWi20Ek43LShsXFQvlgdDIdDgkDjZiwdTgHwjg3YJp8m5BRxRaocgbaxY03maR3iTSm7J0hUhXYomCBVB9CnMfFECsgD0DHhySXNnfO6b118RMhXBSmdb/thojVo7nhtdwD2qCTfxlI6NhVKzZoiUqULMqldrAqtlwSM0aGcIMhoixyQI6C1yxwCULnLTAEQsMWgCJHKUfmLPAOxY4Q3kJC3RbwE0ZWbpggWcoK07VeAvUUgFigQ8pd4rSayll4wJtJ6t2kjK6KW+O0oVcG1kFjurMUUOztJkpykXXfLk27spf9+SupHTtvYn+BY7II02VBuK30afBb/MN7r3LbzCCtdHgr6v1rL3N4F2uA6/BY/CuqoFKMFjNsPHn/vm7HC2y060O13+5t+7nax2yb5veg42ZN95Taj474FgrbqiA4OGH/S2eCZzkFf4wMZnsxSUlarva5XaWBUNOYkLEag+GtFZzKcPI5YZdIbn+jBuuuGHWDXo3EDc0InLKDQk3hN0QdAPvhlo3cG5wUzaypnJcZL1LNQU3nCmgFwYnmVwSAKnv2Osmvwj4aRiM0Ih9z37qasGk3AL+eosZOy5Go8G7XCmBq9Z6IKDs+EHTfQ8kMwcefH7vV49koocehnr2xkhNxaZvfH3+cXt1tZ3Ze845XypCcsZWjQOnEvenRnkX0eBp6S/5YaLVKgwGq4VV94YIC3qWNfNmYzBk1mkNOkMwpDObrCCzQuN1K5yyApOwQtgKQSvwVpi1gmCFMxTlrKC3ArHCHKWgaKHk0hoRQzBIo5BPPymz6d/G5NMAGPxS5xXe5SvXNqzDALCLnb6fr67i+apqvui7GfuZo1Ap+zCL859tEPvJcnZxDPYtXGV+xr5BVpMQ3+BRmsqKsSQq1hR7WKvVFQw5rHpWEwwpWcvUGkisgfAaCK4Bbg28tAYG10D3Gsj5SzA9hObISDA32QShg3kPV631Wy3++rUNPqhhqLtWs3fVSu9yhdlksbpY5mcz/yHwYm11Xee9P34yFLuz/sVT+5/2rVmb7OnfsfPR3U1eUD18ymn83Vdbn7+vwelpHQo8cNL91rgv2Nq4s6y+puV28ZhBOhausvewrxEHzi7jfJNBVV4u47Rau4zFbf/youU9IZvZYFiGGTO4DYyWNRiIqsiilGEfzcQcDBH91CoYXAX8KkDgLkwCBp/Y6O03NvqywSeNtCazI9Ag9VKqv1XYWUPDFmiCtQ0r6bhcuw6UJWA2+evX3QbvPfXNyUymNDnzT9vOPHGifXu0d/n6Z4F89aHBk61D9exr/+4r80ft1XuTYNt7/1ZW9mjkTt/kW96MSybfOyG4beKYxdpU2DFndfAyv2DQKpYt85DVq6urPVrWX19XEwzV6VZ7lhm01ZXVwZBbV2m2KxRqtWlXSK1fhcOdLd8VYvUH/XC7H9b5YYUfLH5Q+OGGHz7yw/t++IkfzvrhcT/s8wME/dDqh1oqZ/KDzA8jcznBC35I+4H3QwNlI++6Hz7ww6wfBGrja36I+iUTWRl9TuxdP7zuh7/2wykqdsAPG/3A5dpYn23gjB/CfujLtWGimh9Rzcf8MIXN85UFfAfV/Yg6wAhUIEGbx1Z1flBJM+rgl0+3S2fjgglpUb1AaHF6yk9T0jyVm6ms+ZmKDlc6U1nFpx3y01UJo1ycvVbeNH11vsC3TTp3vNM6dzjT//CZsra2JrPhRKb5eH//wFdPZG4/dAhK2XDlhobGyubMH6QJbeCcqqhYtm5rDu0NOeft+YFPx4on08UKWEdW4iFH+R6XTmY0Wm1F1qLlXqvRhLObyVHMBUPFFqdD6egJyZR6lgRDrI73wpQXiBcaa71wxQuzFA97gS+AcbwuTukYOWkc+XMzmRSvxYlcHEOl2F9rdio3Md7lqyzObIggGxOcPp44ACpmzYltF974H2/eM6w4m+EPMdEHj0zuDN39OTtsr75tRdWn/+vjzKeWjoqMzeezsTtn/9Yzj6Mcx00FdlqPa52aPMsn5HjuVwRDakLkrBx7ZX5fA69r4IIGzmrgMQ18TQNpDUQ1sEIDJg3INDi3U4lTGpzeNRDWQFADvAZmNSBo4AxF9RogGpijKMoVii0pGmlqX1Jzi2s8xqSutnyxAOLiDH4GAoGC9SmI81wAc2cmy8gJfrcdQFemMuvMTpcdc6Szu+04udntWqPREgwZ9Vp5T0hrmXWB4IIzLjjlgikXJFwQdkHQBcQFW/DFu6DWBZwL9C6Yo3IolBsAewsdpdnDWdDmyy1G2cmeFrjZ5AJxqjOXAE77BpzpOYMZcJr3NKwE2eYj+9c9Vlv73O0fvPn2JRjNfHskDo/cCb80Tj8ZNGrWu2uugvzGJ5nhXXD6hbPnnxTrdCPuEz24T1QRG5nlp4hZXlSkM+vK7GoFbhDVxUYjbhSN+sGQkS3SFesGQ8XGk2VwpAziZeArw8DAh2VwqQyeoZTuMmii9AVKf4cSB6nY+qzcJaqc1XyJqh2hOm5KURXs2G7evtFI5RMphahwt4LhaViJGzSMj3xxiHMGXCHZ3U99f9/Ii9/N7Pz5/JvPnINP4eq//p4VnvvG/NGnrmeaHWtxB/edsrWZybf/uxiThc/lkxgTNY7eLt4nN5FiU7HNbjUPhqyycMjK6k2DIb0yHNIbiR2aeDtwdrhihzN2SNjpoo2uo6c0lYseon964vGKI80IHDEgUu6lTsrOZt7L/O7Cvc/d+P38v0AKhjN/lXkxs/zcuXPMC2CH5Z/dr4Ll7BuZv8lcyAiZ52VZb+keU8xfBfpqJdf55y1Go8kAoFCYNKzdZiDh0KAhbmCqDcBicwZGLTcYcLXSY2aVg7j9B4VMMRiSGS/Y4awdHrPDlB3SdojaQWaHOTt8ZIf3KR2JYTv02aHVDu/a4XU75FW+llNBLkailgbDRC00XqcmsnKIz9px5bDDPYM3V/2SdUFaEG7ONA4GXByWzvkY0cVE4/5czL7nNj9C8MKH8689c479x2Yu8f4HcNy9ebOb2T1/I5/pS78smX/vTCb6LMawCQfC9+TPEges439htFhYh8NaWiRzLrM47I5gyG4mplITTmOlOmVJMKRRgsMJMidcd8LfOuFrTkg7IeqESqdEP/CRE953wutOuOCEx6gEsjsLdP6a0vdQHROlv5mjo60+J7Tm6Bv+QA2ddcKpgqYanLCCShAnMHNOuOKEd51wxglTTkg4gXcC5wS9EwSK6qnckqV3cPEgUHgUuvWanD0k+QtXmMUNGs1CKZbxkl2nE/xmbzY1v3722ee+taO5rnp5bVPDp5++mZEdZwfqVjW/e6X0rfvNiadO931+w4P7Kxx3zy78Bh7F/aUGq1ngD2sJMSoUNrtZ9/Qes55VP72HLX2/oPjylZctuxWFZfd6QS1/sWyxQhm9HQgtchy1p+jAxQoPUmP5Xg8WxmNJuebn6fxRobzgqGAogOHRNn9DW8BfHwjU+wNtDf62O+s6OuoQZC76AwE/IuI49uHm8de45izDWfhBUlpq02i1SpvS6VqGJ8RlulJELLZgqMhiNorbTL24zTzrgo9c8LoLcFGQuaARkcdckHZB1AV9Lmh1QYMLVrjAQdm4OjGFaxOuSO+6IL9s5emF1TD4bzoxLj0v3rTjat3xHzdkz4s9/bvxwHj3PfeAlg1XNeaPiwO9g9J5UTpHOXA9vsyeIxbyLX6QGItlMrVRbbXJSy2leLSw6GSMntkVKtZbtGo8TZvP2OCKDWZtoLcBseER2ga8DWptwFFcsEHCBmFKRBilp3IUFChcfwo7vVj8/pv2VuIZzF+fnYLEI4q4MttB7GrjmQfGvgH+Q5l/VLW/0jR3L7hAe87N/M5e/flT9uquVY1gYobphpERfwlkX8b9k4Y4yRTfY1QqncTqtLrcZdinMosCZ3YT2xMy6XVa3IIQnh7wxS8ITtGvCq7kTv7ZbwSyXwfM5mDOXTj8kwVbxsX99U3rKA5iuidcJ/bEYFKuy+0bV65iMlMPbUyX9U1OPzB//C/Ap4g+MfvWr39++zs7Ye7iBbN23qr/hazGVp0R1p3a+fur85l/XekmuT3iE1jjJtLDVxuUStBqzRaFgS5NJXIDy5j0+uJgSK9Taouwl0XmQfodD2+BewrWAzETfj8uBwaaBWNjfXZn5F0lupwvNHGryzxRuaH+L+q/m2nGbbxRvemtTbiITjgs88256pqsvzP7Xc1uHFUn5V04/sL8bQ49s0xpZnDDpzQ6SIm+hFGzJSVGY1EqZFQwDnAcDIGNp3u7K3TwZIfTF79PosuWwbj0yF4Ba2/bwtADrEL8Zikb2hJQKpQe9uTnb75y/oVtBx9am6j0Nn//yK8u33Hh3VCUefnRF//yx28f/coxp+0sMJU/+KvET9+Y6dpDfcew2p+8t/hO36Bu0x+JO/v7739uffftxV/3Ml0KO65w4o/DjERCPaUn00buyAvBTT8JmhWNuLv4DSmXEWJiGkkl6yR9ojp7gnQgrxLpHqRXIB6UpchG+U/JRvHNfI80If1Z5Pvwdoj/cIC0Cnxnf0H+MeyEHzNr8HOanZWtl31HbpJ/R35d8bhyt/IXqmHVL9Tb1U+ob1CPzKRe8pkhepwnMWHM37E/ISzlumAi7/ft+T4ASt4uwQxRkmEJZomDjEuwDGWOSbCcFJMnJFhBdOQ5CVaS+8gFCVYRE9RIsJqUQLMEF8EEBCVYQ5YxP8r/V0QN8w8SXEzWsioJLiFl7GbRe5n4a+459g4JBsLJWAlmSInMK8EsWSerk2AZyuyXYDkpk31dghXEJfuuBCvJddklCVaR1fLzEqwmy+QfSHAR8yv5/5ZgDVmv+pkEa8mdao0EF5O71bm2SkiD+r3W0f2j6dH7YlEuGklHuKF44nBydP9Imls9VMHV19bVcu3x+P6xGNcSTybiyUh6ND5RU9Rys1g9twtNdETSVdy2iaGartF9saws1xtLjg7viu2fHIskt6aGYhPRWJKr5m6WuBm/PZZMiUh9TV3N2kXmzbKjKS7CpZORaGw8kjzAxYeX+sElY/tHU+lYEomjE1x/TW8NF4ykYxNpLjIR5fryit3Dw6NDMUociiXTERSOp0fQ07snk6Op6OiQ2FqqJt+Bgmj0pmMHY9yOSDodS8UnmiMpbAs96xudiKequEMjo0Mj3KFIiovGUqP7J5C57zC3VIdDbgT7MjERP4gmD8aq0O/hZCw1Mjqxn0uJXZa0ufRIJC12ejyWTo4ORcbGDmPKxhOotQ9zdGg0PYINj8dS3M7YIW5XfDwy8b2arCsYm2GMKTc6nkjGD1Ifq1NDyVhsAhuLRCP7RsdG02htJJKMDGHEMGyjQykaEQwEl4hMVLdNJuOJGHp6R3vXoiA6mI1mKj52EFsWpSdisajYIrp9MDaGStjwWDx+QOzPcDyJjkbTI9UFng/HJ9KoGuci0Sh2HKMVH5ocF/OEYU7nnIsMJePIS4xF0mhlPFUzkk4nNvh8hw4dqolIqRnCzNSgZd+X8dKHEzEpH0nRyvhYF6Z/QkzdJM2v2InebV1cdwLjE0DnOEmgistVZl1NndQEhnE0kU7VpEbHauLJ/b7uQBdpJaNkP95pvO8jMRIlHN4RxCMIDZE4SZDDJEmlRpDKkdVIrcB3PakldXhzpB2l4sgfQ32OtCCcRC3xGaF242SC1JAiyvlya/UI7ZK86KDaVQhtQ/0htNCFevuQW2iXI72UMorTrKi5n0yiHxGkbCUp1IqhTJRKcKQa7z9n48/xb6dQKs+pR7/q8F57S80/Z3cULXE00mnKET0dp94fQFoc9b4sHhzKxWj2UsiJUSxKrYq2+1Gil0oFqaYYiTRtbYJK9d2ixW5scRj1h2gmc5JD1LZYEVnLcYRHpJjejfFOUg+iVC/XtxS2/MUM3Lo2eql3B2mbOyhdxFOU14x4SupXNmZ91Is4UsVYHEJPxHZHKByh8YxSbbHGJiTNfVh13Je2w0m6ESkvE7SNg5KXok6VFO9h+kzRdiewDY76l83y0rY5GqcIjXo20+PITVPZIaSP4eewNMrGMSrZtvZJ4+gQHZUjUo/HqV2O7MT3IVoVcZq3Cc9ymuPFqGTrZliqU47qJhCO017k4lhNcyP2JEY9FaEIHfn7UGOMtp31bYRWR4TmNiblOk17kItXVOqp6HWCUqpJG60LcbzHpJjegfNE1y0tZiNYWJtiTsaov6kC2xPU22i+j9loi1JjUkvZHo/R+ehAPj/DtN6yEY1Sa9V/IubDNDZpqdU49SiKn2zGs7UVR91Jmo/seMpWc/oLkYvQ+MYlvQSdldKSL+N0fIzQCkyQDbix9KF34qeG1mHhqBmSxkyN5LPv36wn+pWgESwcH8m8L+PoY5c0+ifyo26yYPzmMtGLc1AXnS8SUv0EpMhxN1kQR83Nc2YdnTOX9iJbjaOIp6k/KRrLGtqH/cjvxha6xD00vRaOoku3uGbUwa37IEYARmA/KcUjapjshEHSD1vJZuDxzSOvGd8tiIvvGthMplBuM9K3IL4J6Rtx7nTjswnvbrxP4i3DOytRixI+fPskvBrxKtR4B59Ab5HahFTxvR3xDny3S+8A0tvw3Sbh2xDHNwmDUvwykD4vgYw/D1fm4Z154ObhyGcQ/AymPjn1CfNPcxXul+YuzTHdHw9+/NLHbO3HoPsYVOSa/lrwWvha4tqZa4oi3VXQkj+A4TdX1rs/3Hy5/39u/lU/uYw9u1x7OXh56rJwWX4Z2P5fsRa3fpabrZ1NzE7Nvjt7ZXZuVjX1o1M/Yv7Tqz637lX3q4z7fPf5I+fZ8Auge8H9AhN8Ovw0c+o06E67T/tOs089WeN+st3l/vbjq9xXHp97nLm4MHv+8WJD4FXohi6yGWO48zy74H5pqxl2YLd0+HTj7cO7G+843ifxxjMPirvx9kEXv54d/BZoHnE8UvnI/Y8cf0SeeGjqoVMPsVNHTx1lXjp46SCTCla44xOV7on2NW6739av9LP9CmwGW+e37StfHQgP8u5BFNqzu9a9u73CXeo39suxwzIU1LFutontZuPsSfYSq1TtCrrcPXhfCc4FGT6o1gZ03e5uXzd7ceEKH+v0oLXtie1T29ltgQp3R/t6t67d3e5rf6f9w/aP2xWD7fAM/gVeClwKsHygwhfgAy5PYFmHo9/iN/cbQNev9+v6GcBE+0m/T7egY3S6Qd0RHasjTYSZsoAcLsKpmb7eysrOi8qFXZ2CKrhHgGNCea/45Ht2C4pjAunfvWdgBuAboaMnTpBmZ6dQ3zsghJ2hTiGKAC8CUwjonTMW0hxKpdKV9ILKSoQn8UkqJyuRuDeVpZI8n1SmIIVTVIoqQaUokMUBn5UiDwmiHqD23hQRHyKzMqskaqckc1Q5+6CAbe//ATmM1RgKZW5kc3RyZWFtCmVuZG9iagoKOCAwIG9iago3MjkwCmVuZG9iagoKOSAwIG9iago8PC9UeXBlL0ZvbnREZXNjcmlwdG9yL0ZvbnROYW1lL0JBQUFBQStMaWJlcmF0aW9uU2VyaWYKL0ZsYWdzIDQKL0ZvbnRCQm94Wy01NDMgLTMwMyAxMjc4IDk4Ml0vSXRhbGljQW5nbGUgMAovQXNjZW50IDg5MQovRGVzY2VudCAtMjE2Ci9DYXBIZWlnaHQgOTgxCi9TdGVtViA4MAovRm9udEZpbGUyIDcgMCBSCj4+CmVuZG9iagoKMTAgMCBvYmoKPDwvTGVuZ3RoIDMxNC9GaWx0ZXIvRmxhdGVEZWNvZGU+PgpzdHJlYW0KeJxdkk1ugzAQhfecwst0EWFMEhIJIaUkkVj0R6U9ANhDilSMZciC29czk7ZSF6BvPG/sxzNxWZ0q28/xqx91DbPoems8TOPNaxAtXHsbJUqYXs/3it56aFwUh9l6mWYYKtuNeR7Fb6E3zX4Rq6MZW3iI4hdvwPf2KlYfZR3q+ubcFwxgZyGjohAGurDPU+OemwFimlpXJrT7eVmHkT/B++JAKKoTtqJHA5NrNPjGXiHKpSxEfrkUEVjzr6ckj7Sd/mx8kCZBKuV2UwRWxLs9csp8QN4QZynyllhJ5B1rEuSM+YS8Zz1pDrxeIh+Zt8iPfC5pSuINeTgx75DPrCe+EKfHwInk9TMy+89wz+TuXyGz/4yY/aeKArl/OUaDd/cTudA370PcdMGUMybcW/j9B9zocIqeb9X7meAKZW5kc3RyZWFtCmVuZG9iagoKMTEgMCBvYmoKPDwvVHlwZS9Gb250L1N1YnR5cGUvVHJ1ZVR5cGUvQmFzZUZvbnQvQkFBQUFBK0xpYmVyYXRpb25TZXJpZgovRmlyc3RDaGFyIDAKL0xhc3RDaGFyIDIwCi9XaWR0aHNbMCA2MTAgNTAwIDI3NyAzODkgMjUwIDQ0MyA3NzcgNTAwIDI3NyA0NDMgNTU2IDcyMiA1NTYgMzMzIDI3Nwo1MDAgNTAwIDUwMCAzMzMgNTAwIF0KL0ZvbnREZXNjcmlwdG9yIDkgMCBSCi9Ub1VuaWNvZGUgMTAgMCBSCj4+CmVuZG9iagoKMTIgMCBvYmoKPDwvRjEgMTEgMCBSCj4+CmVuZG9iagoKMTMgMCBvYmoKPDwKL0ZvbnQgMTIgMCBSCi9Qcm9jU2V0Wy9QREYvVGV4dF0KPj4KZW5kb2JqCgoxIDAgb2JqCjw8L1R5cGUvUGFnZS9QYXJlbnQgNiAwIFIvUmVzb3VyY2VzIDEzIDAgUi9NZWRpYUJveFswIDAgNTk1LjMwMzkzNzAwNzg3NCA4NDEuODg5NzYzNzc5NTI4XS9UYWJzL1MKL1N0cnVjdFBhcmVudHMgMAovQ29udGVudHMgMiAwIFI+PgplbmRvYmoKCjUgMCBvYmoKPDwvVHlwZS9TdHJ1Y3RFbGVtCi9TL1N0YW5kYXJkCi9QIDQgMCBSCi9QZyAxIDAgUgovQSA8PC9PL0xheW91dC9QbGFjZW1lbnQvQmxvY2sKPj4KL0tbMCAxIF0KPj4KZW5kb2JqCgo0IDAgb2JqCjw8L1R5cGUvU3RydWN0RWxlbQovUy9Eb2N1bWVudAovUCAxNCAwIFIKL1BnIDEgMCBSCi9LWzUgMCBSICBdCj4+CmVuZG9iagoKMTQgMCBvYmoKPDwvVHlwZS9TdHJ1Y3RUcmVlUm9vdAovUGFyZW50VHJlZSAxNSAwIFIKL1JvbGVNYXA8PC9TdGFuZGFyZC9QCj4+Ci9LWzQgMCBSICBdCj4+CmVuZG9iagoKMTUgMCBvYmoKPDwvTnVtc1sKMCBbIDUgMCBSIDUgMCBSIF0KXT4+CmVuZG9iagoKNiAwIG9iago8PC9UeXBlL1BhZ2VzCi9SZXNvdXJjZXMgMTMgMCBSCi9LaWRzWyAxIDAgUiBdCi9Db3VudCAxPj4KZW5kb2JqCgoxNiAwIG9iago8PC9UeXBlL0NhdGFsb2cvUGFnZXMgNiAwIFIKL1BhZ2VNb2RlL1VzZU91dGxpbmVzCi9PcGVuQWN0aW9uWzEgMCBSIC9YWVogbnVsbCBudWxsIDBdCi9TdHJ1Y3RUcmVlUm9vdCAxNCAwIFIKL0xhbmcoZXMtRVMpCi9NYXJrSW5mbzw8L01hcmtlZCB0cnVlPj4KPj4KZW5kb2JqCgoxNyAwIG9iago8PC9DcmVhdG9yPEZFRkYwMDU3MDA3MjAwNjkwMDc0MDA2NTAwNzI+Ci9Qcm9kdWNlcjxGRUZGMDA0QzAwNjkwMDYyMDA3MjAwNjUwMDRGMDA2NjAwNjYwMDY5MDA2MzAwNjUwMDIwMDAzMjAwMzQwMDJFMDAzODAwMkUwMDM3MDAyRTAwMzIwMDIwMDAyODAwNTgwMDM4MDAzNjAwNUYwMDM2MDAzNDAwMjkwMDIwMDAyRjAwMjAwMDRDMDA2OTAwNjIwMDcyMDA2NTAwNEYwMDY2MDA2NjAwNjkwMDYzMDA2NTAwMjAwMDQzMDA2RjAwNkQwMDZEMDA3NTAwNkUwMDY5MDA3NDAwNzk+Ci9DcmVhdGlvbkRhdGUoRDoyMDI1MDYxNzA5MTUyNSswMicwMCcpPj4KZW5kb2JqCgp4cmVmCjAgMTgKMDAwMDAwMDAwMCA2NTUzNSBmIAowMDAwMDA4NTk3IDAwMDAwIG4gCjAwMDAwMDAwMTkgMDAwMDAgbiAKMDAwMDAwMDI3MyAwMDAwMCBuIAowMDAwMDA4ODU4IDAwMDAwIG4gCjAwMDAwMDg3NDYgMDAwMDAgbiAKMDAwMDAwOTA4NyAwMDAwMCBuIAowMDAwMDAwMjkzIDAwMDAwIG4gCjAwMDAwMDc2NjggMDAwMDAgbiAKMDAwMDAwNzY4OSAwMDAwMCBuIAowMDAwMDA3ODg0IDAwMDAwIG4gCjAwMDAwMDgyNjggMDAwMDAgbiAKMDAwMDAwODUwOCAwMDAwMCBuIAowMDAwMDA4NTQxIDAwMDAwIG4gCjAwMDAwMDg5NDAgMDAwMDAgbiAKMDAwMDAwOTAzOSAwMDAwMCBuIAowMDAwMDA5MTYxIDAwMDAwIG4gCjAwMDAwMDkzMjkgMDAwMDAgbiAKdHJhaWxlcgo8PC9TaXplIDE4L1Jvb3QgMTYgMCBSCi9JbmZvIDE3IDAgUgovSUQgWyA8MTM2RkM1RUQzRTY4QTZGRjRBMDNCMTQ0NUJCM0IwNDU+CjwxMzZGQzVFRDNFNjhBNkZGNEEwM0IxNDQ1QkIzQjA0NT4gXQovRG9jQ2hlY2tzdW0gLzY5MTBBMjZGRDkxRTlERDcyQjNENjUwQUFERUI3REZDCj4+CnN0YXJ0eHJlZgo5NjU2CiUlRU9GCg==');
